2023-10-14,00:00:00,88.35,89.65,87.94,89.33,10318
2023-10-14,00:01:00,89.33,89.96,87.08,87.47,30940
2023-10-14,00:02:00,87.47,90.46,86.43,89.93,13504
2023-10-14,00:03:00,89.93,90.39,88.77,88.89,23384
2023-10-14,00:04:00,88.89,89.26,88.82,89.14,1451
2023-10-14,00:05:00,89.14,89.37,89.14,89.31,36202
2023-10-14,00:06:00,89.31,89.65,89.26,89.56,17628
2023-10-14,00:07:00,89.56,89.57,89.56,89.57,16134
2023-10-14,00:08:00,89.57,89.66,88.06,88.55,33479
2023-10-14,00:09:00,88.55,88.81,86.66,86.95,17865
2023-10-14,00:10:00,86.95,88.76,86.12,88.68,9697
2023-10-14,00:11:00,88.68,89.19,88.56,89.17,39732
2023-10-14,00:12:00,89.17,89.98,88.95,89.78,14332
2023-10-14,00:13:00,89.78,89.89,89.73,89.88,28144
2023-10-14,00:14:00,89.88,90.01,89.07,89.15,40004
2023-10-14,00:15:00,89.15,89.67,87.97,88.08,5763
2023-10-14,00:16:00,88.08,88.13,87.7,87.81,38958
2023-10-14,00:17:00,87.81,89.01,87.44,88.71,12196
2023-10-14,00:18:00,88.71,89.73,88.37,89.43,38326
2023-10-14,00:19:00,89.43,90.11,89.38,89.96,8096
2023-10-14,00:20:00,89.96,89.97,89.96,89.97,37509
2023-10-14,00:21:00,89.97,89.98,87.78,87.8,2363
2023-10-14,00:22:00,87.8,87.92,87.77,87.89,29822
2023-10-14,00:23:00,87.89,88.47,87.87,88.28,9448
2023-10-14,00:24:00,88.28,88.35,87.9,88.0,5428
2023-10-14,00:25:00,88.0,89.69,87.49,89.19,26105
2023-10-14,00:26:00,89.19,89.23,87.79,88.22,12403
2023-10-14,00:27:00,88.22,88.62,86.8,87.15,10936
2023-10-14,00:28:00,87.15,90.55,86.69,88.27,6066
2023-10-14,00:29:00,88.27,88.91,88.21,88.84,31256
2023-10-14,00:30:00,88.84,89.5,88.63,89.33,28480
2023-10-14,00:31:00,89.33,90.03,89.19,89.95,19079
2023-10-14,00:32:00,89.95,89.96,89.95,89.96,98
2023-10-14,00:33:00,89.96,90.26,88.82,88.9,1656
2023-10-14,00:34:00,88.9,90.53,85.3,85.56,10651
2023-10-14,00:35:00,85.56,85.67,83.02,83.24,36387
2023-10-14,00:36:00,83.24,83.26,82.92,83.0,7878
2023-10-14,00:37:00,83.0,83.11,82.08,82.33,3713
2023-10-14,00:38:00,82.33,86.03,81.9,85.05,9737
2023-10-14,00:39:00,85.05,87.23,84.26,86.94,9798
2023-10-14,00:40:00,86.94,87.83,86.82,87.54,10890
2023-10-14,00:41:00,87.54,87.61,86.92,87.1,4143
2023-10-14,00:42:00,87.1,87.22,87.1,87.2,39824
2023-10-14,00:43:00,87.2,88.04,83.12,83.95,21652
2023-10-14,00:44:00,83.95,86.93,83.49,86.89,39711
2023-10-14,00:45:00,86.89,87.09,83.93,84.89,9995
2023-10-14,00:46:00,84.89,85.58,83.27,83.44,19699
2023-10-14,00:47:00,83.44,83.53,83.1,83.19,7704
2023-10-14,00:48:00,83.19,83.8,80.56,80.77,11986
2023-10-14,00:49:00,80.77,81.98,77.26,77.43,6745
2023-10-14,00:50:00,77.43,77.81,74.94,75.62,16738
2023-10-14,00:51:00,75.62,78.4,75.55,77.64,34214
2023-10-14,00:52:00,77.64,78.19,75.48,75.77,3920
2023-10-14,00:53:00,75.77,79.57,75.45,79.19,5066
2023-10-14,00:54:00,79.19,83.16,78.09,81.96,32396
2023-10-14,00:55:00,81.96,82.06,81.57,81.58,31223
2023-10-14,00:56:00,81.58,83.12,81.57,82.9,42337
2023-10-14,00:57:00,82.9,84.27,82.39,83.94,20953
2023-10-14,00:58:00,83.94,85.42,83.79,84.99,15694
2023-10-14,00:59:00,84.99,87.51,84.83,87.38,39857
2023-10-14,01:00:00,87.38,88.88,83.65,84.05,5235
2023-10-14,01:01:00,84.05,86.36,83.23,86.1,17522
2023-10-14,01:02:00,86.1,86.13,83.26,84.02,24965
2023-10-14,01:03:00,84.02,84.17,83.56,83.71,10631
2023-10-14,01:04:00,83.71,86.17,83.62,85.4,13426
2023-10-14,01:05:00,85.4,87.68,84.94,87.25,24279
2023-10-14,01:06:00,87.25,87.29,86.39,86.42,40878
2023-10-14,01:07:00,86.42,86.43,82.24,83.51,7405
2023-10-14,01:08:00,83.51,87.72,82.64,86.42,32865
2023-10-14,01:09:00,86.42,86.91,83.11,83.52,13313
2023-10-14,01:10:00,83.52,83.55,83.35,83.37,24249
2023-10-14,01:11:00,83.37,83.64,83.3,83.62,32388
2023-10-14,01:12:00,83.62,86.46,83.0,85.95,22437
2023-10-14,01:13:00,85.95,87.96,82.58,87.91,36857
2023-10-14,01:14:00,87.91,89.53,83.93,84.47,37652
2023-10-14,01:15:00,84.47,86.42,84.16,85.9,25425
2023-10-14,01:16:00,85.9,88.2,85.37,87.77,12243
2023-10-14,01:17:00,87.77,88.3,85.4,85.53,32592
2023-10-14,01:18:00,85.53,85.56,85.53,85.55,29454
2023-10-14,01:19:00,85.55,86.89,82.15,82.86,21878
2023-10-14,01:20:00,82.86,83.03,81.63,81.73,25648
2023-10-14,01:21:00,81.73,86.08,80.71,85.24,3858
2023-10-14,01:22:00,85.24,85.64,85.12,85.62,40981
2023-10-14,01:23:00,85.62,88.64,85.56,87.95,35859
2023-10-14,01:24:00,87.95,88.27,87.94,88.25,21221
2023-10-14,01:25:00,88.25,88.29,88.24,88.28,16536
2023-10-14,01:26:00,88.28,88.45,87.29,87.59,22048
2023-10-14,01:27:00,87.59,87.73,85.38,85.7,27149
2023-10-14,01:28:00,85.7,86.48,83.66,83.93,21620
2023-10-14,01:29:00,83.93,88.37,82.8,86.99,15248
2023-10-14,01:30:00,86.99,89.02,86.58,88.5,8409
2023-10-14,01:31:00,88.5,89.83,85.05,85.24,16268
2023-10-14,01:32:00,85.24,85.31,84.88,84.89,40372
2023-10-14,01:33:00,84.89,85.9,82.4,82.84,472
2023-10-14,01:34:00,82.84,84.31,78.23,79.54,14030
2023-10-14,01:35:00,79.54,80.56,76.01,76.32,8810
2023-10-14,01:36:00,76.32,76.68,73.36,74.26,3458
2023-10-14,01:37:00,74.26,74.56,72.44,72.92,26321
2023-10-14,01:38:00,72.92,73.89,69.54,69.91,27514
2023-10-14,01:39:00,69.91,71.11,69.61,70.88,33022
2023-10-14,01:40:00,70.88,75.01,70.0,73.72,30091
2023-10-14,01:41:00,73.72,73.77,73.72,73.77,18006
2023-10-14,01:42:00,73.77,73.98,71.35,71.47,26002
2023-10-14,01:43:00,71.47,71.92,68.49,69.35,19946
2023-10-14,01:44:00,69.35,69.59,67.22,67.37,11678
2023-10-14,01:45:00,67.37,67.46,66.71,66.9,20677
2023-10-14,01:46:00,66.9,68.58,62.42,63.42,27616
2023-10-14,01:47:00,63.42,64.78,58.71,59.87,8580
2023-10-14,01:48:00,59.87,60.85,59.48,60.73,22372
2023-10-14,01:49:00,60.73,61.97,60.51,61.95,29370
2023-10-14,01:50:00,61.95,64.23,61.84,63.49,5654
2023-10-14,01:51:00,63.49,63.77,60.65,61.57,12866
2023-10-14,01:52:00,61.57,61.75,60.43,60.64,32824
2023-10-14,01:53:00,60.64,62.92,60.31,62.2,38209
2023-10-14,01:54:00,62.2,66.21,61.79,65.09,2584
2023-10-14,01:55:00,65.09,65.9,64.85,65.8,33999
2023-10-14,01:56:00,65.8,65.86,63.67,64.12,7956
2023-10-14,01:57:00,64.12,66.03,63.43,65.68,8433
2023-10-14,01:58:00,65.68,65.85,62.02,62.79,34917
2023-10-14,01:59:00,62.79,63.01,62.13,62.32,33505
2023-10-14,02:00:00,62.32,64.26,62.1,63.82,22418
2023-10-14,02:01:00,63.82,64.68,63.54,64.56,27403
2023-10-14,02:02:00,64.56,64.59,64.56,64.59,40164
2023-10-14,02:03:00,64.59,64.7,60.91,61.92,38718
2023-10-14,02:04:00,61.92,62.23,59.72,59.98,11036
2023-10-14,02:05:00,59.98,60.97,57.77,57.8,33016
2023-10-14,02:06:00,57.8,59.34,57.56,58.96,13215
2023-10-14,02:07:00,58.96,58.99,58.32,58.47,31847
2023-10-14,02:08:00,58.47,65.64,56.31,61.74,11885
2023-10-14,02:09:00,61.74,63.06,57.92,59.02,33590
2023-10-14,02:10:00,59.02,59.03,57.51,57.6,11545
2023-10-14,02:11:00,57.6,57.65,57.59,57.64,7889
2023-10-14,02:12:00,57.64,58.09,56.19,56.49,13889
2023-10-14,02:13:00,56.49,56.6,56.14,56.17,6723
2023-10-14,02:14:00,56.17,59.19,55.87,58.65,29932
2023-10-14,02:15:00,58.65,58.98,55.75,56.19,15348
2023-10-14,02:16:00,56.19,57.51,52.3,53.22,23657
2023-10-14,02:17:00,53.22,54.15,49.94,50.61,10416
2023-10-14,02:18:00,50.61,53.51,49.53,52.73,42431
2023-10-14,02:19:00,52.73,52.94,51.83,52.06,15123
2023-10-14,02:20:00,52.06,54.84,51.44,54.09,21173
2023-10-14,02:21:00,54.09,54.64,51.59,52.35,20242
2023-10-14,02:22:00,52.35,52.69,51.44,51.61,22099
2023-10-14,02:23:00,51.61,51.63,51.54,51.54,15443
2023-10-14,02:24:00,51.54,51.8,51.46,51.76,5175
2023-10-14,02:25:00,51.76,55.69,47.74,50.28,11511
2023-10-14,02:26:00,50.28,52.46,50.06,52.06,26250
2023-10-14,02:27:00,52.06,55.17,50.98,54.45,1275
2023-10-14,02:28:00,54.45,55.55,50.74,51.81,23889
2023-10-14,02:29:00,51.81,51.83,51.76,51.77,9329
2023-10-14,02:30:00,51.77,52.35,50.01,50.45,6990
2023-10-14,02:31:00,50.45,51.78,49.81,51.76,399
2023-10-14,02:32:00,51.76,53.08,51.36,53.05,6110
2023-10-14,02:33:00,53.05,55.66,52.52,55.37,2163
2023-10-14,02:34:00,55.37,56.04,52.24,52.62,20752
2023-10-14,02:35:00,52.62,59.22,48.68,55.76,42332
2023-10-14,02:36:00,55.76,59.27,55.59,58.54,11482
2023-10-14,02:37:00,58.54,61.03,58.49,60.92,6324
2023-10-14,02:38:00,60.92,64.85,58.7,64.36,15482
2023-10-14,02:39:00,64.36,64.62,63.64,63.67,19041
2023-10-14,02:40:00,63.67,66.2,62.58,65.89,12594
2023-10-14,02:41:00,65.89,66.45,61.98,62.75,32271
2023-10-14,02:42:00,62.75,63.56,60.47,60.99,23416
2023-10-14,02:43:00,60.99,61.51,59.44,59.68,28271
2023-10-14,02:44:00,59.68,64.19,58.0,63.06,32903
2023-10-14,02:45:00,63.06,63.09,61.23,61.52,28989
2023-10-14,02:46:00,61.52,64.24,60.93,63.48,34375
2023-10-14,02:47:00,63.48,64.26,60.88,61.47,42045
2023-10-14,02:48:00,61.47,61.66,60.32,60.44,26828
2023-10-14,02:49:00,60.44,60.55,58.06,58.61,34213
2023-10-14,02:50:00,58.61,61.88,57.36,61.54,3388
2023-10-14,02:51:00,61.54,64.86,60.86,63.89,18302
2023-10-14,02:52:00,63.89,65.2,59.91,60.29,9894
2023-10-14,02:53:00,60.29,60.32,60.21,60.21,30355
2023-10-14,02:54:00,60.21,62.16,60.06,61.81,2349
2023-10-14,02:55:00,61.81,63.21,61.8,62.93,26725
2023-10-14,02:56:00,62.93,63.01,61.84,62.06,26231
2023-10-14,02:57:00,62.06,63.91,61.61,63.71,24921
2023-10-14,02:58:00,63.71,64.0,62.65,62.71,32807
2023-10-14,02:59:00,62.71,63.58,59.83,60.63,10769
2023-10-14,03:00:00,60.63,63.85,59.74,63.03,25272
2023-10-14,03:01:00,63.03,66.29,62.23,65.61,29989
2023-10-14,03:02:00,65.61,66.4,63.48,63.77,2938
2023-10-14,03:03:00,63.77,64.39,61.82,62.34,7143
2023-10-14,03:04:00,62.34,66.27,61.5,65.07,29806
2023-10-14,03:05:00,65.07,65.23,65.04,65.19,39795
2023-10-14,03:06:00,65.19,65.27,62.84,62.85,19933
2023-10-14,03:07:00,62.85,63.24,59.3,60.09,3705
2023-10-14,03:08:00,60.09,61.73,59.7,61.24,23035
2023-10-14,03:09:00,61.24,61.84,61.12,61.8,30631
2023-10-14,03:10:00,61.8,62.19,61.69,62.07,24708
2023-10-14,03:11:00,62.07,63.25,57.74,59.15,23495
2023-10-14,03:12:00,59.15,64.0,58.34,62.4,7659
2023-10-14,03:13:00,62.4,64.63,62.02,64.58,16448
2023-10-14,03:14:00,64.58,67.57,63.63,66.91,42111
2023-10-14,03:15:00,66.91,68.53,63.37,63.56,15176
2023-10-14,03:16:00,63.56,64.36,63.35,64.3,40851
2023-10-14,03:17:00,64.3,68.14,61.24,65.66,37011
2023-10-14,03:18:00,65.66,69.9,63.97,69.09,2315
2023-10-14,03:19:00,69.09,69.09,66.81,67.36,19283
2023-10-14,03:20:00,67.36,67.36,67.34,67.34,25746
2023-10-14,03:21:00,67.34,68.82,63.55,63.98,20920
2023-10-14,03:22:00,63.98,66.24,57.77,61.7,5730
2023-10-14,03:23:00,61.7,63.73,61.2,63.17,31363
2023-10-14,03:24:00,63.17,64.73,63.04,64.46,6474
2023-10-14,03:25:00,64.46,64.53,62.18,62.57,21723
2023-10-14,03:26:00,62.57,64.67,62.04,63.99,5303
2023-10-14,03:27:00,63.99,64.12,60.46,61.55,35845
2023-10-14,03:28:00,61.55,64.99,61.48,64.29,22837
2023-10-14,03:29:00,64.29,64.77,62.99,63.13,33776
2023-10-14,03:30:00,63.13,64.68,62.49,64.45,23092
2023-10-14,03:31:00,64.45,65.94,60.48,61.21,9225
2023-10-14,03:32:00,61.21,61.33,61.18,61.3,32249
2023-10-14,03:33:00,61.3,62.07,58.36,59.1,38913
2023-10-14,03:34:00,59.1,63.54,59.04,62.34,35508
2023-10-14,03:35:00,62.34,66.0,61.76,65.09,42142
2023-10-14,03:36:00,65.09,65.77,65.09,65.69,12508
2023-10-14,03:37:00,65.69,65.94,63.36,64.1,29111
2023-10-14,03:38:00,64.1,64.29,64.05,64.28,41889
2023-10-14,03:39:00,64.28,67.07,63.45,66.47,5010
2023-10-14,03:40:00,66.47,66.52,65.65,65.92,13002
2023-10-14,03:41:00,65.92,66.63,65.87,66.48,38591
2023-10-14,03:42:00,66.48,66.51,66.29,66.35,33129
2023-10-14,03:43:00,66.35,67.38,62.62,63.66,32194
2023-10-14,03:44:00,63.66,63.74,63.07,63.14,18761
2023-10-14,03:45:00,63.14,64.87,62.42,64.74,21410
2023-10-14,03:46:00,64.74,66.13,64.58,65.96,3412
2023-10-14,03:47:00,65.96,66.97,63.34,63.59,15615
2023-10-14,03:48:00,63.59,63.93,60.08,60.95,32963
2023-10-14,03:49:00,60.95,62.48,60.43,62.3,5250
2023-10-14,03:50:00,62.3,62.43,61.88,62.02,1812
2023-10-14,03:51:00,62.02,63.75,61.89,63.28,41688
2023-10-14,03:52:00,63.28,63.39,61.07,61.32,28044
2023-10-14,03:53:00,61.32,63.86,60.41,63.72,22176
2023-10-14,03:54:00,63.72,64.11,62.22,62.63,39539
2023-10-14,03:55:00,62.63,66.96,60.93,66.05,26278
2023-10-14,03:56:00,66.05,66.81,65.82,66.76,7091
2023-10-14,03:57:00,66.76,67.15,64.78,65.32,31673
2023-10-14,03:58:00,65.32,68.29,65.15,67.49,8765
2023-10-14,03:59:00,67.49,68.09,67.46,68.01,31899
2023-10-14,04:00:00,68.01,71.97,67.56,71.06,10126
2023-10-14,04:01:00,71.06,71.33,69.34,69.64,5159
2023-10-14,04:02:00,69.64,70.35,69.37,70.2,33823
2023-10-14,04:03:00,70.2,70.93,68.26,68.7,38770
2023-10-14,04:04:00,68.7,68.84,68.1,68.26,15784
2023-10-14,04:05:00,68.26,68.42,67.17,67.52,3417
2023-10-14,04:06:00,67.52,71.65,67.1,70.36,30504
2023-10-14,04:07:00,70.36,71.17,67.49,67.84,36338
2023-10-14,04:08:00,67.84,68.15,66.03,66.39,29241
2023-10-14,04:09:00,66.39,67.08,66.13,66.97,3049
2023-10-14,04:10:00,66.97,67.4,63.02,63.59,42316
2023-10-14,04:11:00,63.59,66.4,62.63,66.13,11573
2023-10-14,04:12:00,66.13,66.46,64.9,65.03,38098
2023-10-14,04:13:00,65.03,69.21,63.82,67.93,40582
2023-10-14,04:14:00,67.93,69.09,67.76,68.95,14519
2023-10-14,04:15:00,68.95,73.33,68.27,72.48,2191
2023-10-14,04:16:00,72.48,76.54,72.0,75.67,34759
2023-10-14,04:17:00,75.67,76.81,72.75,73.08,18093
2023-10-14,04:18:00,73.08,73.7,70.5,71.07,31454
2023-10-14,04:19:00,71.07,72.73,70.99,72.27,21037
2023-10-14,04:20:00,72.27,75.06,71.48,75.02,26410
2023-10-14,04:21:00,75.02,77.41,74.6,77.31,27449
2023-10-14,04:22:00,77.31,81.01,76.4,80.02,37476
2023-10-14,04:23:00,80.02,80.25,76.34,77.08,19186
2023-10-14,04:24:00,77.08,77.21,76.44,76.59,8870
2023-10-14,04:25:00,76.59,76.73,76.22,76.24,8741
2023-10-14,04:26:00,76.24,78.01,75.7,77.72,16098
2023-10-14,04:27:00,77.72,77.98,76.49,76.73,315
2023-10-14,04:28:00,76.73,79.4,76.39,78.96,28337
2023-10-14,04:29:00,78.96,82.59,78.9,81.92,16778
2023-10-14,04:30:00,81.92,85.34,81.59,85.06,36840
2023-10-14,04:31:00,85.06,89.48,84.82,88.22,12342
2023-10-14,04:32:00,88.22,89.62,88.16,89.35,9750
2023-10-14,04:33:00,89.35,89.59,89.31,89.58,25144
2023-10-14,04:34:00,89.58,89.97,89.48,89.88,38621
2023-10-14,04:35:00,89.88,89.9,89.88,89.9,8992
2023-10-14,04:36:00,89.9,89.95,89.9,89.94,21935
2023-10-14,04:37:00,89.94,89.96,89.93,89.96,1736
2023-10-14,04:38:00,89.96,90.85,85.82,86.74,40301
2023-10-14,04:39:00,86.74,88.78,86.53,88.55,24405
2023-10-14,04:40:00,88.55,88.87,88.5,88.8,4304
2023-10-14,04:41:00,88.8,90.32,88.52,89.98,17541
2023-10-14,04:42:00,89.98,89.99,89.98,89.99,2562
2023-10-14,04:43:00,89.99,89.99,89.99,89.99,37445
2023-10-14,04:44:00,89.99,91.39,86.45,86.69,8344
2023-10-14,04:45:00,86.69,87.19,86.6,87.13,37149
2023-10-14,04:46:00,87.13,87.65,85.29,85.87,184
2023-10-14,04:47:00,85.87,85.87,84.18,84.72,2566
2023-10-14,04:48:00,84.72,84.81,84.17,84.32,8013
2023-10-14,04:49:00,84.32,84.45,79.81,81.12,30836
2023-10-14,04:50:00,81.12,84.82,80.43,83.74,9093
2023-10-14,04:51:00,83.74,83.74,83.3,83.38,16374
2023-10-14,04:52:00,83.38,84.31,83.17,84.22,7359
2023-10-14,04:53:00,84.22,89.04,83.13,87.66,25820
2023-10-14,04:54:00,87.66,89.77,86.92,89.29,41935
2023-10-14,04:55:00,89.29,89.9,89.26,89.72,34489
2023-10-14,04:56:00,89.72,89.83,88.61,88.71,42523
2023-10-14,04:57:00,88.71,90.22,88.56,89.84,34271
2023-10-14,04:58:00,89.84,89.85,89.84,89.85,10346
2023-10-14,04:59:00,89.85,89.86,89.85,89.86,21502
2023-10-14,05:00:00,89.86,90.39,87.81,88.26,1979
2023-10-14,05:01:00,88.26,88.53,84.11,85.33,27682
2023-10-14,05:02:00,85.33,85.64,81.3,82.14,3238
2023-10-14,05:03:00,82.14,82.55,80.88,81.15,37155
2023-10-14,05:04:00,81.15,81.48,79.8,80.14,13165
2023-10-14,05:05:00,80.14,80.38,76.5,76.87,4378
2023-10-14,05:06:00,76.87,79.33,76.02,79.02,14567
2023-10-14,05:07:00,79.02,79.33,78.95,79.29,27445
2023-10-14,05:08:00,79.29,81.94,78.94,81.67,40020
2023-10-14,05:09:00,81.67,84.57,81.41,84.12,38063
2023-10-14,05:10:00,84.12,89.12,82.77,86.45,4038
2023-10-14,05:11:00,86.45,87.9,86.0,87.65,29409
2023-10-14,05:12:00,87.65,87.95,85.48,85.65,35610
2023-10-14,05:13:00,85.65,89.12,84.73,88.24,6434
2023-10-14,05:14:00,88.24,88.27,88.15,88.17,147
2023-10-14,05:15:00,88.17,88.41,85.11,85.57,4429
2023-10-14,05:16:00,85.57,89.16,84.71,88.22,23784
2023-10-14,05:17:00,88.22,88.56,86.32,86.73,30186
2023-10-14,05:18:00,86.73,87.14,85.6,85.78,31131
2023-10-14,05:19:00,85.78,86.12,84.76,84.91,41749
2023-10-14,05:20:00,84.91,85.19,83.38,83.83,31091
2023-10-14,05:21:00,83.83,85.58,83.65,85.17,19589
2023-10-14,05:22:00,85.17,86.12,80.65,81.66,34925
2023-10-14,05:23:00,81.66,82.01,78.52,78.83,38829
2023-10-14,05:24:00,78.83,79.22,77.73,77.97,32125
2023-10-14,05:25:00,77.97,79.1,74.45,78.41,39802
2023-10-14,05:26:00,78.41,78.6,76.52,76.54,26645
2023-10-14,05:27:00,76.54,76.84,74.58,74.85,23884
2023-10-14,05:28:00,74.85,75.89,70.93,72.02,29391
2023-10-14,05:29:00,72.02,72.79,67.96,69.15,16512
2023-10-14,05:30:00,69.15,69.21,69.15,69.19,11725
2023-10-14,05:31:00,69.19,70.01,66.62,67.39,386
2023-10-14,05:32:00,67.39,68.11,67.24,67.92,27049
2023-10-14,05:33:00,67.92,68.15,67.05,67.21,35381
2023-10-14,05:34:00,67.21,68.89,66.87,68.45,28992
2023-10-14,05:35:00,68.45,72.29,67.68,71.06,36761
2023-10-14,05:36:00,71.06,71.37,68.85,69.54,40645
2023-10-14,05:37:00,69.54,70.25,69.33,70.19,37509
2023-10-14,05:38:00,70.19,70.21,69.69,69.73,768
2023-10-14,05:39:00,69.73,71.24,69.09,71.16,4487
2023-10-14,05:40:00,71.16,71.56,68.82,69.31,33440
2023-10-14,05:41:00,69.31,71.67,69.2,70.95,29348
2023-10-14,05:42:00,70.95,71.0,68.11,68.38,36823
2023-10-14,05:43:00,68.38,69.98,68.27,69.93,24326
2023-10-14,05:44:00,69.93,71.47,69.51,71.23,27622
2023-10-14,05:45:00,71.23,71.71,69.51,69.73,18766
2023-10-14,05:46:00,69.73,70.1,65.45,66.87,101
2023-10-14,05:47:00,66.87,67.21,64.59,65.07,31819
2023-10-14,05:48:00,65.07,66.24,65.03,65.93,15048
2023-10-14,05:49:00,65.93,66.53,62.04,62.94,30312
2023-10-14,05:50:00,62.94,62.95,62.94,62.95,40971
2023-10-14,05:51:00,62.95,64.25,61.44,63.01,9012
2023-10-14,05:52:00,63.01,64.41,59.08,60.17,16943
2023-10-14,05:53:00,60.17,62.06,60.07,61.74,13680
2023-10-14,05:54:00,61.74,65.19,60.91,65.06,7039
2023-10-14,05:55:00,65.06,67.58,64.9,67.02,19540
2023-10-14,05:56:00,67.02,67.07,65.98,66.06,33625
2023-10-14,05:57:00,66.06,66.75,63.97,64.04,27164
2023-10-14,05:58:00,64.04,64.23,61.7,61.93,22346
2023-10-14,05:59:00,61.93,61.98,61.25,61.34,9532
2023-10-14,06:00:00,61.34,63.48,60.79,63.44,40190
2023-10-14,06:01:00,63.44,64.82,60.02,60.25,2793
2023-10-14,06:02:00,60.25,60.72,60.2,60.63,29122
2023-10-14,06:03:00,60.63,64.88,59.9,64.1,8913
2023-10-14,06:04:00,64.1,64.63,62.78,62.92,9374
2023-10-14,06:05:00,62.92,64.62,62.61,64.47,7667
2023-10-14,06:06:00,64.47,64.67,62.7,63.23,34647
2023-10-14,06:07:00,63.23,64.15,63.18,63.88,35850
2023-10-14,06:08:00,63.88,64.11,61.22,62.03,9288
2023-10-14,06:09:00,62.03,66.41,61.29,65.19,13681
2023-10-14,06:10:00,65.19,65.87,63.64,63.73,38544
2023-10-14,06:11:00,63.73,66.53,62.84,66.14,35986
2023-10-14,06:12:00,66.14,66.16,65.58,65.64,7340
2023-10-14,06:13:00,65.64,65.69,65.17,65.21,23930
2023-10-14,06:14:00,65.21,65.39,63.54,63.97,19269
2023-10-14,06:15:00,63.97,64.66,63.88,64.61,5704
2023-10-14,06:16:00,64.61,68.06,64.43,67.04,37470
2023-10-14,06:17:00,67.04,68.01,64.43,64.83,27579
2023-10-14,06:18:00,64.83,65.04,64.33,64.36,2223
2023-10-14,06:19:00,64.36,64.96,64.29,64.95,19
2023-10-14,06:20:00,64.95,65.07,62.09,63.04,13384
2023-10-14,06:21:00,63.04,65.39,62.35,64.77,32167
2023-10-14,06:22:00,64.77,66.42,60.21,61.42,25286
2023-10-14,06:23:00,61.42,63.14,60.91,62.75,29250
2023-10-14,06:24:00,62.75,62.79,60.91,61.32,14127
2023-10-14,06:25:00,61.32,61.45,60.38,60.53,39773
2023-10-14,06:26:00,60.53,63.66,59.37,62.86,2663
2023-10-14,06:27:00,62.86,67.05,62.85,66.36,7152
2023-10-14,06:28:00,66.36,70.2,66.22,68.96,2799
2023-10-14,06:29:00,68.96,69.18,67.47,67.58,30183
2023-10-14,06:30:00,67.58,69.05,62.94,64.09,53
2023-10-14,06:31:00,64.09,67.92,63.61,66.66,779
2023-10-14,06:32:00,66.66,70.3,66.43,69.37,7366
2023-10-14,06:33:00,69.37,69.63,68.57,68.82,36317
2023-10-14,06:34:00,68.82,68.98,67.36,67.66,40723
2023-10-14,06:35:00,67.66,67.73,67.43,67.47,5600
2023-10-14,06:36:00,67.47,69.5,66.91,69.12,11108
2023-10-14,06:37:00,69.12,69.44,65.13,66.4,4948
2023-10-14,06:38:00,66.4,68.45,66.32,67.92,14569
2023-10-14,06:39:00,67.92,68.39,67.8,68.32,37253
2023-10-14,06:40:00,68.32,69.11,68.15,69.04,31962
2023-10-14,06:41:00,69.04,69.16,68.64,68.73,19409
2023-10-14,06:42:00,68.73,73.49,67.32,72.02,34272
2023-10-14,06:43:00,72.02,74.83,68.31,72.88,15832
2023-10-14,06:44:00,72.88,73.7,70.91,71.2,30617
2023-10-14,06:45:00,71.2,71.36,69.99,70.08,35093
2023-10-14,06:46:00,70.08,70.15,69.81,69.86,4327
2023-10-14,06:47:00,69.86,70.37,68.09,68.3,36170
2023-10-14,06:48:00,68.3,69.63,68.08,69.19,30862
2023-10-14,06:49:00,69.19,69.22,68.53,68.61,28317
2023-10-14,06:50:00,68.61,69.17,66.4,66.78,22047
2023-10-14,06:51:00,66.78,67.96,66.61,67.89,33668
2023-10-14,06:52:00,67.89,68.55,64.74,65.18,19218
2023-10-14,06:53:00,65.18,65.9,60.19,61.74,34642
2023-10-14,06:54:00,61.74,61.89,60.52,60.61,28680
2023-10-14,06:55:00,60.61,63.46,60.52,63.42,18313
2023-10-14,06:56:00,63.42,63.5,63.41,63.48,16941
2023-10-14,06:57:00,63.48,66.55,62.49,65.6,40128
2023-10-14,06:58:00,65.6,70.34,64.64,69.18,3077
2023-10-14,06:59:00,69.18,69.66,67.66,68.15,21273
2023-10-14,07:00:00,68.15,68.19,67.85,67.93,11291
2023-10-14,07:01:00,67.93,68.67,65.91,66.15,17633
2023-10-14,07:02:00,66.15,66.81,61.23,62.74,12229
2023-10-14,07:03:00,62.74,63.39,62.54,63.18,25601
2023-10-14,07:04:00,63.18,65.26,62.91,64.84,35983
2023-10-14,07:05:00,64.84,65.03,64.8,64.98,12674
2023-10-14,07:06:00,64.98,66.25,64.52,65.95,18712
2023-10-14,07:07:00,65.95,66.29,61.5,63.96,17381
2023-10-14,07:08:00,63.96,68.37,62.33,67.44,23604
2023-10-14,07:09:00,67.44,67.92,63.57,63.89,7861
2023-10-14,07:10:00,63.89,67.43,63.39,66.52,24661
2023-10-14,07:11:00,66.52,66.56,65.67,65.88,7345
2023-10-14,07:12:00,65.88,67.04,63.81,66.8,2087
2023-10-14,07:13:00,66.8,67.81,63.83,64.56,12930
2023-10-14,07:14:00,64.56,66.3,64.29,66.23,24638
2023-10-14,07:15:00,66.23,67.67,66.04,67.64,13319
2023-10-14,07:16:00,67.64,69.23,67.34,68.96,15099
2023-10-14,07:17:00,68.96,69.56,65.85,66.73,42354
2023-10-14,07:18:00,66.73,67.26,64.42,64.62,24197
2023-10-14,07:19:00,64.62,66.26,64.25,65.85,40590
2023-10-14,07:20:00,65.85,70.75,65.31,69.41,33791
2023-10-14,07:21:00,69.41,74.3,68.43,72.73,35000
2023-10-14,07:22:00,72.73,72.91,71.98,72.01,38788
2023-10-14,07:23:00,72.01,72.25,71.95,72.21,3890
2023-10-14,07:24:00,72.21,72.57,71.08,71.27,10632
2023-10-14,07:25:00,71.27,71.73,68.75,69.13,6746
2023-10-14,07:26:00,69.13,69.21,68.62,68.71,37560
2023-10-14,07:27:00,68.71,69.0,67.8,68.02,14027
2023-10-14,07:28:00,68.02,71.04,67.21,70.63,32219
2023-10-14,07:29:00,70.63,71.16,69.0,69.07,11956
2023-10-14,07:30:00,69.07,72.01,68.09,71.9,8621
2023-10-14,07:31:00,71.9,72.5,71.85,72.49,14449
2023-10-14,07:32:00,72.49,72.88,69.42,70.35,21764
2023-10-14,07:33:00,70.35,72.31,69.8,71.76,18082
2023-10-14,07:34:00,71.76,71.82,69.71,70.36,27420
2023-10-14,07:35:00,70.36,70.48,69.66,69.84,9775
2023-10-14,07:36:00,69.84,69.92,69.62,69.66,38484
2023-10-14,07:37:00,69.66,70.5,65.23,66.68,7275
2023-10-14,07:38:00,66.68,66.71,66.55,66.57,37514
2023-10-14,07:39:00,66.57,67.14,62.59,63.63,18380
2023-10-14,07:40:00,63.63,65.78,62.95,65.36,18534
2023-10-14,07:41:00,65.36,66.81,64.81,66.62,40762
2023-10-14,07:42:00,66.62,68.53,62.57,64.62,31097
2023-10-14,07:43:00,64.62,68.99,63.9,67.6,23035
2023-10-14,07:44:00,67.6,67.91,64.36,64.86,28211
2023-10-14,07:45:00,64.86,65.4,63.21,63.22,11327
2023-10-14,07:46:00,63.22,66.96,58.22,59.76,9855
2023-10-14,07:47:00,59.76,60.34,58.05,58.18,2436
2023-10-14,07:48:00,58.18,59.75,57.93,59.34,38502
2023-10-14,07:49:00,59.34,59.76,57.46,57.97,3086
2023-10-14,07:50:00,57.97,59.5,57.72,59.16,28362
2023-10-14,07:51:00,59.16,59.82,55.03,55.68,22601
2023-10-14,07:52:00,55.68,56.42,55.41,56.24,42284
2023-10-14,07:53:00,56.24,60.34,56.06,59.76,22611
2023-10-14,07:54:00,59.76,60.29,57.58,58.16,30094
2023-10-14,07:55:00,58.16,58.78,54.92,55.73,10850
2023-10-14,07:56:00,55.73,58.16,55.22,57.6,364
2023-10-14,07:57:00,57.6,59.31,54.05,55.77,39227
2023-10-14,07:58:00,55.77,57.02,51.95,52.28,4998
2023-10-14,07:59:00,52.28,52.35,50.42,50.53,36157
2023-10-14,08:00:00,50.53,53.53,50.09,52.63,38034
2023-10-14,08:01:00,52.63,55.84,52.04,55.06,3698
2023-10-14,08:02:00,55.06,55.32,52.8,52.97,17040
2023-10-14,08:03:00,52.97,57.75,50.84,54.0,6171
2023-10-14,08:04:00,54.0,56.94,52.92,56.29,13851
2023-10-14,08:05:00,56.29,57.0,53.73,54.14,10002
2023-10-14,08:06:00,54.14,58.1,53.33,57.43,34104
2023-10-14,08:07:00,57.43,60.73,57.37,60.09,24008
2023-10-14,08:08:00,60.09,61.24,59.81,60.93,32208
2023-10-14,08:09:00,60.93,61.08,60.35,60.43,5732
2023-10-14,08:10:00,60.43,63.06,59.34,63.04,26846
2023-10-14,08:11:00,63.04,65.62,63.02,64.8,30650
2023-10-14,08:12:00,64.8,65.43,62.96,63.33,30213
2023-10-14,08:13:00,63.33,64.0,60.79,60.79,42207
2023-10-14,08:14:00,60.79,60.92,60.24,60.35,8945
2023-10-14,08:15:00,60.35,60.9,57.03,58.03,30168
2023-10-14,08:16:00,58.03,58.5,55.59,56.26,37863
2023-10-14,08:17:00,56.26,60.61,55.49,59.25,1586
2023-10-14,08:18:00,59.25,63.63,58.8,62.81,20136
2023-10-14,08:19:00,62.81,63.44,60.86,61.48,20933
2023-10-14,08:20:00,61.48,64.34,60.19,64.28,25137
2023-10-14,08:21:00,64.28,65.04,60.44,61.46,26805
2023-10-14,08:22:00,61.46,65.06,60.32,63.92,18314
2023-10-14,08:23:00,63.92,64.48,59.86,61.04,10292
2023-10-14,08:24:00,61.04,62.09,56.7,58.1,17424
2023-10-14,08:25:00,58.1,61.25,57.76,60.3,2399
2023-10-14,08:26:00,60.3,63.09,60.17,62.66,28351
2023-10-14,08:27:00,62.66,66.87,62.04,66.01,13087
2023-10-14,08:28:00,66.01,66.13,64.53,64.68,58
2023-10-14,08:29:00,64.68,66.53,64.05,66.04,37342
2023-10-14,08:30:00,66.04,66.96,62.24,63.37,3604
2023-10-14,08:31:00,63.37,65.13,63.07,64.59,10549
2023-10-14,08:32:00,64.59,67.99,64.02,67.83,15022
2023-10-14,08:33:00,67.83,70.11,67.16,69.82,22335
2023-10-14,08:34:00,69.82,70.07,69.01,69.2,12160
2023-10-14,08:35:00,69.2,70.09,65.0,66.19,9972
2023-10-14,08:36:00,66.19,68.0,66.15,67.92,36382
2023-10-14,08:37:00,67.92,68.06,67.2,67.4,8761
2023-10-14,08:38:00,67.4,67.89,64.61,65.08,991
2023-10-14,08:39:00,65.08,66.76,64.55,66.54,7614
2023-10-14,08:40:00,66.54,67.1,64.15,64.74,15186
2023-10-14,08:41:00,64.74,67.22,64.07,67.11,38702
2023-10-14,08:42:00,67.11,69.4,67.09,69.2,40800
2023-10-14,08:43:00,69.2,72.41,68.85,71.38,15848
2023-10-14,08:44:00,71.38,72.68,67.34,68.54,12515
2023-10-14,08:45:00,68.54,72.09,67.57,70.91,40011
2023-10-14,08:46:00,70.91,74.47,66.93,69.86,16298
2023-10-14,08:47:00,69.86,72.91,69.71,72.12,8293
2023-10-14,08:48:00,72.12,72.25,71.25,71.48,10444
2023-10-14,08:49:00,71.48,74.11,70.93,73.89,2925
2023-10-14,08:50:00,73.89,76.92,73.1,76.72,9567
2023-10-14,08:51:00,76.72,77.06,75.53,75.89,33413
2023-10-14,08:52:00,75.89,80.12,74.24,79.35,22670
2023-10-14,08:53:00,79.35,79.39,76.92,77.11,30082
2023-10-14,08:54:00,77.11,78.78,76.5,78.54,30013
2023-10-14,08:55:00,78.54,79.45,76.07,76.67,29389
2023-10-14,08:56:00,76.67,76.89,76.6,76.82,10285
2023-10-14,08:57:00,76.82,77.2,76.78,77.14,7114
2023-10-14,08:58:00,77.14,78.3,74.18,74.43,16481
2023-10-14,08:59:00,74.43,74.74,74.33,74.73,41080
2023-10-14,09:00:00,74.73,74.89,74.72,74.87,39227
2023-10-14,09:01:00,74.87,75.24,70.7,71.99,10236
2023-10-14,09:02:00,71.99,72.11,71.62,71.72,40647
2023-10-14,09:03:00,71.72,76.45,70.36,75.2,2856
2023-10-14,09:04:00,75.2,78.16,74.97,77.39,31642
2023-10-14,09:05:00,77.39,78.93,76.87,78.78,10166
2023-10-14,09:06:00,78.78,82.51,78.35,82.03,41459
2023-10-14,09:07:00,82.03,82.46,80.16,80.59,28650
2023-10-14,09:08:00,80.59,81.09,78.8,79.27,22528
2023-10-14,09:09:00,79.27,82.96,78.74,82.46,33656
2023-10-14,09:10:00,82.46,83.47,78.97,80.06,20194
2023-10-14,09:11:00,80.06,80.48,79.97,80.39,6292
2023-10-14,09:12:00,80.39,80.84,79.26,79.41,1618
2023-10-14,09:13:00,79.41,81.07,79.17,80.76,5877
2023-10-14,09:14:00,80.76,85.35,80.03,84.06,31924
2023-10-14,09:15:00,84.06,84.66,81.51,82.24,33052
2023-10-14,09:16:00,82.24,82.61,82.24,82.55,326
2023-10-14,09:17:00,82.55,82.62,82.05,82.09,8362
2023-10-14,09:18:00,82.09,83.66,77.15,78.5,1645
2023-10-14,09:19:00,78.5,80.91,78.44,80.89,25350
2023-10-14,09:20:00,80.89,81.11,80.83,81.04,36691
2023-10-14,09:21:00,81.04,84.09,80.43,83.41,32623
2023-10-14,09:22:00,83.41,83.48,79.23,79.98,15275
2023-10-14,09:23:00,79.98,80.06,79.59,79.65,16524
2023-10-14,09:24:00,79.65,82.91,78.38,82.31,10207
2023-10-14,09:25:00,82.31,84.93,81.79,84.41,40357
2023-10-14,09:26:00,84.41,84.45,83.06,83.43,22630
2023-10-14,09:27:00,83.43,83.96,79.87,80.11,1075
2023-10-14,09:28:00,80.11,80.62,80.07,80.58,16902
2023-10-14,09:29:00,80.58,83.23,79.96,82.89,40687
2023-10-14,09:30:00,82.89,84.17,79.14,83.77,14568
2023-10-14,09:31:00,83.77,86.84,83.48,86.58,34814
2023-10-14,09:32:00,86.58,90.2,85.39,89.83,29404
2023-10-14,09:33:00,89.83,90.77,86.66,87.45,37889
2023-10-14,09:34:00,87.45,88.56,87.15,88.3,7700
2023-10-14,09:35:00,88.3,89.97,87.92,89.77,8786
2023-10-14,09:36:00,89.77,90.8,86.9,86.93,30133
2023-10-14,09:37:00,86.93,89.57,85.94,89.27,14665
2023-10-14,09:38:00,89.27,89.83,85.73,86.6,19638
2023-10-14,09:39:00,86.6,89.65,86.58,89.33,22088
2023-10-14,09:40:00,89.33,89.68,89.3,89.61,5060
2023-10-14,09:41:00,89.61,89.84,89.54,89.81,20408
2023-10-14,09:42:00,89.81,91.44,86.35,86.89,23862
2023-10-14,09:43:00,86.89,87.45,84.64,85.11,20872
2023-10-14,09:44:00,85.11,86.15,81.54,82.41,30773
2023-10-14,09:45:00,82.41,87.03,82.38,85.89,41761
2023-10-14,09:46:00,85.89,85.98,84.25,84.31,34247
2023-10-14,09:47:00,84.31,85.36,81.26,81.91,5650
2023-10-14,09:48:00,81.91,85.53,81.82,84.39,20981
2023-10-14,09:49:00,84.39,88.07,83.42,87.37,711
2023-10-14,09:50:00,87.37,87.62,87.34,87.58,13020
2023-10-14,09:51:00,87.58,89.09,87.38,88.87,26344
2023-10-14,09:52:00,88.87,88.95,86.76,87.15,11479
2023-10-14,09:53:00,87.15,89.43,87.03,88.93,30342
2023-10-14,09:54:00,88.93,90.08,88.63,89.87,23289
2023-10-14,09:55:00,89.87,90.25,88.38,88.84,40245
2023-10-14,09:56:00,88.84,89.78,88.68,89.77,39542
2023-10-14,09:57:00,89.77,91.38,85.0,86.35,10192
2023-10-14,09:58:00,86.35,89.05,85.55,88.87,826
2023-10-14,09:59:00,88.87,89.81,88.8,89.6,11196
2023-10-14,10:00:00,89.6,89.74,89.56,89.72,1929
2023-10-14,10:01:00,89.72,89.8,88.52,88.71,42125
2023-10-14,10:02:00,88.71,88.99,87.41,87.49,35358
2023-10-14,10:03:00,87.49,87.64,84.96,85.76,11605
2023-10-14,10:04:00,85.76,86.78,83.44,83.67,22094
2023-10-14,10:05:00,83.67,83.98,82.82,82.91,14258
2023-10-14,10:06:00,82.91,83.07,82.27,82.46,1729
2023-10-14,10:07:00,82.46,82.46,78.86,79.54,1177
2023-10-14,10:08:00,79.54,80.03,76.8,77.12,40853
2023-10-14,10:09:00,77.12,78.94,76.71,78.35,37227
2023-10-14,10:10:00,78.35,80.36,77.97,79.91,18920
2023-10-14,10:11:00,79.91,82.71,79.03,82.1,1364
2023-10-14,10:12:00,82.1,82.3,79.81,80.12,18797
2023-10-14,10:13:00,80.12,80.21,76.07,77.39,20464
2023-10-14,10:14:00,77.39,77.63,73.48,74.72,30967
2023-10-14,10:15:00,74.72,74.75,74.63,74.64,8241
2023-10-14,10:16:00,74.64,74.73,74.32,74.4,5688
2023-10-14,10:17:00,74.4,78.85,72.9,77.74,10782
2023-10-14,10:18:00,77.74,78.35,77.5,78.23,1925
2023-10-14,10:19:00,78.23,79.09,75.57,75.73,31782
2023-10-14,10:20:00,75.73,77.63,75.31,77.01,37489
2023-10-14,10:21:00,77.01,77.07,75.55,75.89,36507
2023-10-14,10:22:00,75.89,79.43,74.54,78.71,28035
2023-10-14,10:23:00,78.71,79.05,78.69,78.94,5802
2023-10-14,10:24:00,78.94,80.27,78.51,79.95,32496
2023-10-14,10:25:00,79.95,80.37,78.52,78.52,14027
2023-10-14,10:26:00,78.52,81.9,77.12,81.51,14376
2023-10-14,10:27:00,81.51,82.97,77.77,79.69,16864
2023-10-14,10:28:00,79.69,80.51,75.39,76.41,9110
2023-10-14,10:29:00,76.41,79.07,76.07,78.26,17205
2023-10-14,10:30:00,78.26,79.01,78.25,78.86,38787
2023-10-14,10:31:00,78.86,81.46,78.21,81.07,34475
2023-10-14,10:32:00,81.07,84.34,80.28,83.49,23570
2023-10-14,10:33:00,83.49,87.3,83.38,86.64,33558
2023-10-14,10:34:00,86.64,90.36,85.93,89.3,41587
2023-10-14,10:35:00,89.3,90.26,89.27,89.98,24371
2023-10-14,10:36:00,89.98,89.99,89.98,89.99,32062
2023-10-14,10:37:00,89.99,90.0,89.99,90.0,32102
2023-10-14,10:38:00,90.0,90.49,88.35,88.39,21149
2023-10-14,10:39:00,88.39,89.97,88.18,89.96,19410
2023-10-14,10:40:00,89.96,89.97,89.96,89.97,9626
2023-10-14,10:41:00,89.97,90.34,88.61,88.69,36494
2023-10-14,10:42:00,88.69,88.95,87.79,87.79,38452
2023-10-14,10:43:00,87.79,88.03,84.95,85.39,12478
2023-10-14,10:44:00,85.39,87.58,84.8,87.37,5301
2023-10-14,10:45:00,87.37,87.55,86.11,86.21,19363
2023-10-14,10:46:00,86.21,87.51,82.07,83.1,40467
2023-10-14,10:47:00,83.1,83.56,81.79,82.1,22833
2023-10-14,10:48:00,82.1,82.12,79.46,80.12,14287
2023-10-14,10:49:00,80.12,81.2,77.8,77.9,10215
2023-10-14,10:50:00,77.9,82.64,77.46,81.28,31351
2023-10-14,10:51:00,81.28,84.41,81.04,83.4,28625
2023-10-14,10:52:00,83.4,84.01,80.98,81.58,24457
2023-10-14,10:53:00,81.58,82.58,81.52,82.52,36572
2023-10-14,10:54:00,82.52,82.59,82.33,82.37,9940
2023-10-14,10:55:00,82.37,84.46,81.75,84.38,10175
2023-10-14,10:56:00,84.38,86.05,83.83,85.69,13991
2023-10-14,10:57:00,85.69,87.64,85.08,87.0,3521
2023-10-14,10:58:00,87.0,87.93,83.61,84.57,25510
2023-10-14,10:59:00,84.57,87.3,83.67,86.7,38372
2023-10-14,11:00:00,86.7,86.71,85.61,85.9,38120
2023-10-14,11:01:00,85.9,88.52,85.31,88.27,24897
2023-10-14,11:02:00,88.27,88.67,88.22,88.65,18713
2023-10-14,11:03:00,88.65,89.83,88.62,89.53,36760
2023-10-14,11:04:00,89.53,89.94,86.35,86.59,6438
2023-10-14,11:05:00,86.59,87.44,82.63,83.58,33767
2023-10-14,11:06:00,83.58,83.99,79.79,80.92,39848
2023-10-14,11:07:00,80.92,84.85,80.92,84.33,38879
2023-10-14,11:08:00,84.33,84.64,80.46,81.73,3309
2023-10-14,11:09:00,81.73,82.12,79.12,79.29,9324
2023-10-14,11:10:00,79.29,79.69,76.49,77.03,24072
2023-10-14,11:11:00,77.03,79.96,76.72,79.12,11899
2023-10-14,11:12:00,79.12,82.34,78.16,81.38,10197
2023-10-14,11:13:00,81.38,81.75,78.47,79.4,7083
2023-10-14,11:14:00,79.4,83.53,79.25,82.98,25898
2023-10-14,11:15:00,82.98,84.4,82.75,84.1,32925
2023-10-14,11:16:00,84.1,84.15,83.32,83.57,29563
2023-10-14,11:17:00,83.57,84.59,78.75,80.01,22518
2023-10-14,11:18:00,80.01,81.18,76.24,77.4,23983
2023-10-14,11:19:00,77.4,77.75,76.47,76.51,38624
2023-10-14,11:20:00,76.51,79.54,76.07,78.67,19558
2023-10-14,11:21:00,78.67,83.65,77.16,82.21,2787
2023-10-14,11:22:00,82.21,82.48,81.2,81.27,33349
2023-10-14,11:23:00,81.27,84.6,80.03,84.04,5705
2023-10-14,11:24:00,84.04,84.35,82.89,83.26,31371
2023-10-14,11:25:00,83.26,84.0,81.04,81.75,29991
2023-10-14,11:26:00,81.75,81.95,79.76,79.92,21375
2023-10-14,11:27:00,79.92,83.01,78.54,82.83,34245
2023-10-14,11:28:00,82.83,84.22,82.73,84.02,5236
2023-10-14,11:29:00,84.02,84.03,84.02,84.03,4618
2023-10-14,11:30:00,84.03,84.23,82.47,82.95,1463
2023-10-14,11:31:00,82.95,86.05,81.97,85.36,24035
2023-10-14,11:32:00,85.36,86.66,85.04,86.62,35602
2023-10-14,11:33:00,86.62,87.07,84.3,85.02,36872
2023-10-14,11:34:00,85.02,87.37,84.33,87.03,40618
2023-10-14,11:35:00,87.03,89.44,86.17,89.03,11810
2023-10-14,11:36:00,89.03,89.78,84.41,85.94,7711
2023-10-14,11:37:00,85.94,87.91,85.76,87.4,37567
2023-10-14,11:38:00,87.4,89.6,87.33,89.14,9497
2023-10-14,11:39:00,89.14,89.73,87.19,87.8,20520
2023-10-14,11:40:00,87.8,89.52,87.4,88.97,14009
2023-10-14,11:41:00,88.97,89.46,88.92,89.3,14668
2023-10-14,11:42:00,89.3,89.99,89.01,89.9,38953
2023-10-14,11:43:00,89.9,91.06,86.46,87.12,11736
2023-10-14,11:44:00,87.12,87.25,86.24,86.32,11616
2023-10-14,11:45:00,86.32,87.67,81.23,82.78,12678
2023-10-14,11:46:00,82.78,83.81,82.55,83.61,22763
2023-10-14,11:47:00,83.61,85.26,83.23,84.75,16109
2023-10-14,11:48:00,84.75,85.12,82.81,83.43,35603
2023-10-14,11:49:00,83.43,83.9,80.5,81.02,26874
2023-10-14,11:50:00,81.02,81.25,80.36,80.41,31413
2023-10-14,11:51:00,80.41,80.47,80.06,80.17,18604
2023-10-14,11:52:00,80.17,80.97,80.04,80.87,37210
2023-10-14,11:53:00,80.87,85.23,79.8,84.01,26931
2023-10-14,11:54:00,84.01,87.49,83.14,87.35,17087
2023-10-14,11:55:00,87.35,87.5,85.71,86.08,19442
2023-10-14,11:56:00,86.08,89.78,85.07,88.82,38798
2023-10-14,11:57:00,88.82,89.1,88.09,88.21,488
2023-10-14,11:58:00,88.21,88.28,87.48,87.71,24045
2023-10-14,11:59:00,87.71,88.19,86.47,86.54,40397
2023-10-14,12:00:00,86.54,87.77,86.38,87.52,24844
2023-10-14,12:01:00,87.52,88.04,87.3,88.0,27030
2023-10-14,12:02:00,88.0,88.85,85.67,85.71,8537
2023-10-14,12:03:00,85.71,87.45,85.14,87.06,40350
2023-10-14,12:04:00,87.06,90.95,86.29,89.88,14068
2023-10-14,12:05:00,89.88,89.93,89.86,89.92,14902
2023-10-14,12:06:00,89.92,90.23,86.5,86.72,10468
2023-10-14,12:07:00,86.72,87.78,86.48,87.53,5502
2023-10-14,12:08:00,87.53,88.75,87.36,88.57,5210
2023-10-14,12:09:00,88.57,89.07,88.5,88.94,3889
2023-10-14,12:10:00,88.94,89.09,88.89,89.05,8418
2023-10-14,12:11:00,89.05,89.24,89.05,89.19,14903
2023-10-14,12:12:00,89.19,89.34,89.14,89.3,23271
2023-10-14,12:13:00,89.3,89.61,89.28,89.54,27953
2023-10-14,12:14:00,89.54,89.62,89.52,89.6,3224
2023-10-14,12:15:00,89.6,89.93,89.6,89.9,18119
2023-10-14,12:16:00,89.9,90.4,88.35,88.57,14674
2023-10-14,12:17:00,88.57,89.93,88.27,89.52,2660
2023-10-14,12:18:00,89.52,89.63,87.46,87.97,10894
2023-10-14,12:19:00,87.97,89.18,87.81,89.0,4251
2023-10-14,12:20:00,89.0,89.28,88.9,89.23,21940
2023-10-14,12:21:00,89.23,90.83,85.47,85.87,10060
2023-10-14,12:22:00,85.87,86.07,85.35,85.45,3516
2023-10-14,12:23:00,85.45,86.35,80.9,82.94,31309
2023-10-14,12:24:00,82.94,83.11,81.98,82.15,2953
2023-10-14,12:25:00,82.15,82.37,80.22,80.37,29084
2023-10-14,12:26:00,80.37,80.87,75.95,77.29,34234
2023-10-14,12:27:00,77.29,77.45,77.29,77.42,42152
2023-10-14,12:28:00,77.42,77.52,76.9,76.97,37344
2023-10-14,12:29:00,76.97,77.67,74.13,76.78,32398
2023-10-14,12:30:00,76.78,78.24,73.09,73.79,39286
2023-10-14,12:31:00,73.79,74.49,71.07,71.45,37530
2023-10-14,12:32:00,71.45,74.75,70.83,73.87,19192
2023-10-14,12:33:00,73.87,74.65,69.77,70.87,3129
2023-10-14,12:34:00,70.87,74.4,70.41,74.37,40137
2023-10-14,12:35:00,74.37,74.72,74.36,74.71,1501
2023-10-14,12:36:00,74.71,79.57,73.33,78.01,9339
2023-10-14,12:37:00,78.01,79.67,77.83,79.14,37073
2023-10-14,12:38:00,79.14,79.3,77.87,78.01,6744
2023-10-14,12:39:00,78.01,78.57,73.83,74.72,18002
2023-10-14,12:40:00,74.72,74.87,72.45,72.92,25353
2023-10-14,12:41:00,72.92,73.69,70.07,70.9,4021
2023-10-14,12:42:00,70.9,73.49,70.31,73.44,23296
2023-10-14,12:43:00,73.44,73.95,73.31,73.95,3512
2023-10-14,12:44:00,73.95,75.04,70.65,70.95,18029
2023-10-14,12:45:00,70.95,74.37,70.11,73.51,12665
2023-10-14,12:46:00,73.51,75.31,73.02,74.85,16589
2023-10-14,12:47:00,74.85,75.83,70.8,71.85,35753
2023-10-14,12:48:00,71.85,74.59,71.76,73.85,37934
2023-10-14,12:49:00,73.85,75.46,73.47,74.99,2148
2023-10-14,12:50:00,74.99,75.07,74.62,74.66,29473
2023-10-14,12:51:00,74.66,74.8,73.99,74.13,18706
2023-10-14,12:52:00,74.13,74.96,69.24,70.77,17932
2023-10-14,12:53:00,70.77,71.18,67.14,71.08,14035
2023-10-14,12:54:00,71.08,72.97,71.0,72.84,39993
2023-10-14,12:55:00,72.84,73.15,71.86,72.03,2342
2023-10-14,12:56:00,72.03,72.63,68.37,69.53,11657
2023-10-14,12:57:00,69.53,70.26,69.4,70.08,24196
2023-10-14,12:58:00,70.08,73.03,70.0,72.33,10253
2023-10-14,12:59:00,72.33,72.35,72.27,72.29,6709
2023-10-14,13:00:00,72.29,73.25,72.22,73.02,13203
2023-10-14,13:01:00,73.02,73.72,72.83,73.66,34927
2023-10-14,13:02:00,73.66,77.25,72.68,76.43,36308
2023-10-14,13:03:00,76.43,76.95,76.23,76.93,41422
2023-10-14,13:04:00,76.93,77.09,73.77,73.85,39748
2023-10-14,13:05:00,73.85,73.96,70.8,71.0,31263
2023-10-14,13:06:00,71.0,71.88,70.85,71.72,30340
2023-10-14,13:07:00,71.72,73.55,71.45,73.0,35109
2023-10-14,13:08:00,73.0,76.76,72.51,75.67,41673
2023-10-14,13:09:00,75.67,80.16,74.18,78.8,31476
2023-10-14,13:10:00,78.8,78.95,77.6,77.62,33426
2023-10-14,13:11:00,77.62,78.79,73.93,74.21,38931
2023-10-14,13:12:00,74.21,74.31,73.93,73.96,31180
2023-10-14,13:13:00,73.96,74.31,72.67,72.93,15752
2023-10-14,13:14:00,72.93,74.43,72.66,74.1,35778
2023-10-14,13:15:00,74.1,75.18,73.94,75.14,26584
2023-10-14,13:16:00,75.14,75.36,75.08,75.31,37861
2023-10-14,13:17:00,75.31,75.69,74.26,74.42,20039
2023-10-14,13:18:00,74.42,76.85,73.89,76.23,36385
2023-10-14,13:19:00,76.23,77.45,76.05,77.12,6177
2023-10-14,13:20:00,77.12,77.28,75.95,76.25,23444
2023-10-14,13:21:00,76.25,77.35,73.7,73.76,35638
2023-10-14,13:22:00,73.76,74.66,70.96,71.79,13594
2023-10-14,13:23:00,71.79,74.8,70.55,74.45,33914
2023-10-14,13:24:00,74.45,74.89,73.05,73.37,22079
2023-10-14,13:25:00,73.37,73.81,70.42,70.93,21453
2023-10-14,13:26:00,70.93,71.49,67.56,68.33,24245
2023-10-14,13:27:00,68.33,71.16,68.0,70.48,37959
2023-10-14,13:28:00,70.48,74.02,70.24,73.09,11302
2023-10-14,13:29:00,73.09,77.35,72.99,76.49,37645
2023-10-14,13:30:00,76.49,78.87,75.64,78.75,36035
2023-10-14,13:31:00,78.75,79.2,77.17,77.63,42228
2023-10-14,13:32:00,77.63,81.59,77.26,79.17,13568
2023-10-14,13:33:00,79.17,79.82,76.9,77.43,12295
2023-10-14,13:34:00,77.43,79.83,73.89,75.94,7000
2023-10-14,13:35:00,75.94,79.89,74.93,79.31,9314
2023-10-14,13:36:00,79.31,80.87,75.8,76.02,32853
2023-10-14,13:37:00,76.02,76.12,75.2,75.31,22322
2023-10-14,13:38:00,75.31,77.53,73.81,75.69,41818
2023-10-14,13:39:00,75.69,80.69,74.8,79.1,20825
2023-10-14,13:40:00,79.1,79.68,77.32,77.4,11809
2023-10-14,13:41:00,77.4,78.97,77.11,78.53,12980
2023-10-14,13:42:00,78.53,79.54,75.64,76.45,35869
2023-10-14,13:43:00,76.45,76.6,75.13,75.23,26969
2023-10-14,13:44:00,75.23,77.78,75.09,77.39,3925
2023-10-14,13:45:00,77.39,78.29,73.99,75.1,10452
2023-10-14,13:46:00,75.1,75.13,74.84,74.87,31557
2023-10-14,13:47:00,74.87,74.99,74.51,74.56,13306
2023-10-14,13:48:00,74.56,74.7,70.42,71.77,9925
2023-10-14,13:49:00,71.77,72.58,71.7,72.38,29191
2023-10-14,13:50:00,72.38,72.54,70.64,71.02,32345
2023-10-14,13:51:00,71.02,71.03,68.47,69.27,34598
2023-10-14,13:52:00,69.27,71.17,69.06,70.78,38954
2023-10-14,13:53:00,70.78,73.15,70.13,72.9,31743
2023-10-14,13:54:00,72.9,73.25,71.2,71.6,39082
2023-10-14,13:55:00,71.6,71.67,70.51,70.69,35064
2023-10-14,13:56:00,70.69,72.99,70.56,72.64,1740
2023-10-14,13:57:00,72.64,73.96,72.04,73.93,24489
2023-10-14,13:58:00,73.93,76.03,73.33,75.7,40784
2023-10-14,13:59:00,75.7,76.2,73.15,73.24,2018
2023-10-14,14:00:00,73.24,73.91,73.18,73.86,23996
2023-10-14,14:01:00,73.86,74.2,73.78,74.09,8043
2023-10-14,14:02:00,74.09,74.34,73.38,73.49,42041
2023-10-14,14:03:00,73.49,74.1,73.38,74.03,18817
2023-10-14,14:04:00,74.03,74.04,73.99,74.0,24246
2023-10-14,14:05:00,74.0,74.01,71.92,71.98,39926
2023-10-14,14:06:00,71.98,72.61,69.65,70.42,37366
2023-10-14,14:07:00,70.42,71.78,70.26,71.51,29320
2023-10-14,14:08:00,71.51,71.85,70.46,70.59,909
2023-10-14,14:09:00,70.59,71.39,70.31,71.31,2219
2023-10-14,14:10:00,71.31,71.41,68.18,68.78,36510
2023-10-14,14:11:00,68.78,68.92,68.19,68.3,24899
2023-10-14,14:12:00,68.3,68.31,67.15,67.3,1776
2023-10-14,14:13:00,67.3,67.36,67.29,67.35,7963
2023-10-14,14:14:00,67.35,67.65,64.35,65.2,24472
2023-10-14,14:15:00,65.2,65.74,61.42,61.9,26577
2023-10-14,14:16:00,61.9,63.52,61.54,63.22,23951
2023-10-14,14:17:00,63.22,63.59,61.38,61.51,40591
2023-10-14,14:18:00,61.51,62.2,61.3,62.01,15217
2023-10-14,14:19:00,62.01,64.24,61.98,63.88,24634
2023-10-14,14:20:00,63.88,64.24,63.79,64.19,7151
2023-10-14,14:21:00,64.19,64.83,61.4,62.21,26065
2023-10-14,14:22:00,62.21,64.88,62.17,64.87,4956
2023-10-14,14:23:00,64.87,65.21,63.41,63.7,3667
2023-10-14,14:24:00,63.7,63.94,61.85,62.32,31225
2023-10-14,14:25:00,62.32,63.74,62.25,63.53,17570
2023-10-14,14:26:00,63.53,66.37,63.4,65.53,2314
2023-10-14,14:27:00,65.53,67.31,65.35,67.04,33594
2023-10-14,14:28:00,67.04,69.0,65.33,67.89,9113
2023-10-14,14:29:00,67.89,68.51,65.9,66.02,24593
2023-10-14,14:30:00,66.02,67.13,62.3,63.08,30663
2023-10-14,14:31:00,63.08,64.07,62.74,63.93,5797
2023-10-14,14:32:00,63.93,64.52,60.31,61.16,7495
2023-10-14,14:33:00,61.16,61.83,60.95,61.66,15978
2023-10-14,14:34:00,61.66,61.93,60.34,60.73,841
2023-10-14,14:35:00,60.73,60.83,60.72,60.83,27578
2023-10-14,14:36:00,60.83,64.13,60.83,63.38,16059
2023-10-14,14:37:00,63.38,64.28,60.41,60.69,33942
2023-10-14,14:38:00,60.69,63.03,59.83,62.52,39192
2023-10-14,14:39:00,62.52,62.82,60.99,61.06,9041
2023-10-14,14:40:00,61.06,65.98,58.85,63.76,40807
2023-10-14,14:41:00,63.76,66.62,62.8,65.89,21632
2023-10-14,14:42:00,65.89,66.07,65.38,65.43,37695
2023-10-14,14:43:00,65.43,69.38,63.74,69.02,6070
2023-10-14,14:44:00,69.02,70.11,65.89,66.03,12244
2023-10-14,14:45:00,66.03,68.5,66.02,68.17,26436
2023-10-14,14:46:00,68.17,68.29,67.64,67.66,6195
2023-10-14,14:47:00,67.66,67.9,67.04,67.17,35608
2023-10-14,14:48:00,67.17,69.76,67.07,69.07,34131
2023-10-14,14:49:00,69.07,69.71,68.97,69.51,28465
2023-10-14,14:50:00,69.51,72.41,68.46,72.08,6771
2023-10-14,14:51:00,72.08,73.37,68.24,68.88,5542
2023-10-14,14:52:00,68.88,72.16,67.94,71.09,31931
2023-10-14,14:53:00,71.09,71.43,70.36,70.41,18745
2023-10-14,14:54:00,70.41,73.24,69.61,72.76,32065
2023-10-14,14:55:00,72.76,72.81,72.37,72.39,3086
2023-10-14,14:56:00,72.39,75.08,69.78,70.95,30170
2023-10-14,14:57:00,70.95,74.93,70.37,73.85,20886
2023-10-14,14:58:00,73.85,77.32,73.75,76.35,27382
2023-10-14,14:59:00,76.35,76.46,76.09,76.12,27130
2023-10-14,15:00:00,76.12,76.51,74.66,75.06,8870
2023-10-14,15:01:00,75.06,76.11,70.28,71.82,38380
2023-10-14,15:02:00,71.82,72.24,71.77,72.16,34084
2023-10-14,15:03:00,72.16,73.74,71.86,73.39,39337
2023-10-14,15:04:00,73.39,73.84,71.98,72.75,4451
2023-10-14,15:05:00,72.75,73.12,72.63,73.11,40950
2023-10-14,15:06:00,73.11,73.53,71.12,71.35,35820
2023-10-14,15:07:00,71.35,74.09,70.54,73.75,29929
2023-10-14,15:08:00,73.75,75.07,73.45,74.92,8275
2023-10-14,15:09:00,74.92,75.1,74.84,75.1,24964
2023-10-14,15:10:00,75.1,75.23,74.74,74.77,32716
2023-10-14,15:11:00,74.77,76.43,70.19,72.49,15777
2023-10-14,15:12:00,72.49,72.59,71.86,71.88,16163
2023-10-14,15:13:00,71.88,74.11,71.69,74.03,20540
2023-10-14,15:14:00,74.03,77.48,74.03,77.06,26791
2023-10-14,15:15:00,77.06,82.08,76.43,80.48,20549
2023-10-14,15:16:00,80.48,80.54,80.13,80.13,13505
2023-10-14,15:17:00,80.13,81.41,79.74,81.06,8541
2023-10-14,15:18:00,81.06,82.97,80.66,82.51,14606
2023-10-14,15:19:00,82.51,83.89,82.42,83.57,2982
2023-10-14,15:20:00,83.57,83.61,83.56,83.6,18625
2023-10-14,15:21:00,83.6,83.68,83.03,83.21,815
2023-10-14,15:22:00,83.21,84.0,79.36,80.26,2797
2023-10-14,15:23:00,80.26,84.31,80.11,83.36,24395
2023-10-14,15:24:00,83.36,88.35,83.2,84.81,27550
2023-10-14,15:25:00,84.81,87.12,83.88,86.97,6634
2023-10-14,15:26:00,86.97,87.13,82.86,83.67,80
2023-10-14,15:27:00,83.67,84.08,82.71,82.84,19154
2023-10-14,15:28:00,82.84,87.07,81.27,86.33,16481
2023-10-14,15:29:00,86.33,86.34,86.19,86.21,4790
2023-10-14,15:30:00,86.21,86.61,86.2,86.57,488
2023-10-14,15:31:00,86.57,89.3,85.99,88.41,34785
2023-10-14,15:32:00,88.41,89.21,88.29,89.19,28708
2023-10-14,15:33:00,89.19,89.96,85.36,86.37,18078
2023-10-14,15:34:00,86.37,86.38,85.93,86.05,16072
2023-10-14,15:35:00,86.05,87.29,85.66,86.88,36126
2023-10-14,15:36:00,86.88,87.19,86.88,87.17,23759
2023-10-14,15:37:00,87.17,87.33,84.03,84.87,27117
2023-10-14,15:38:00,84.87,85.1,83.92,83.95,27124
2023-10-14,15:39:00,83.95,84.53,83.9,84.38,12081
2023-10-14,15:40:00,84.38,85.19,84.24,85.04,42113
2023-10-14,15:41:00,85.04,87.98,80.44,82.15,32143
2023-10-14,15:42:00,82.15,82.8,78.92,79.63,33923
2023-10-14,15:43:00,79.63,80.7,77.06,77.47,34432
2023-10-14,15:44:00,77.47,77.89,73.4,75.95,2649
2023-10-14,15:45:00,75.95,77.01,75.92,76.84,10879
2023-10-14,15:46:00,76.84,81.33,76.0,79.84,34681
2023-10-14,15:47:00,79.84,80.41,76.99,80.14,36686
2023-10-14,15:48:00,80.14,82.98,79.3,82.6,4546
2023-10-14,15:49:00,82.6,83.26,80.27,80.68,11272
2023-10-14,15:50:00,80.68,84.84,79.19,84.07,28233
2023-10-14,15:51:00,84.07,84.16,83.67,83.76,13814
2023-10-14,15:52:00,83.76,84.34,81.15,81.93,21493
2023-10-14,15:53:00,81.93,82.58,79.51,80.07,14624
2023-10-14,15:54:00,80.07,80.97,76.93,77.2,16874
2023-10-14,15:55:00,77.2,81.36,76.41,80.74,25229
2023-10-14,15:56:00,80.74,82.56,80.61,82.21,38621
2023-10-14,15:57:00,82.21,82.98,82.03,82.82,8662
2023-10-14,15:58:00,82.82,83.79,82.68,83.47,7908
2023-10-14,15:59:00,83.47,84.74,78.62,80.01,4235
2023-10-14,16:00:00,80.01,80.32,79.91,80.28,32930
2023-10-14,16:01:00,80.28,83.67,79.36,83.37,10437
2023-10-14,16:02:00,83.37,85.48,77.84,81.59,6925
2023-10-14,16:03:00,81.59,84.03,81.59,83.7,424
2023-10-14,16:04:00,83.7,84.4,81.27,81.75,36603
2023-10-14,16:05:00,81.75,84.91,80.6,84.35,23694
2023-10-14,16:06:00,84.35,84.77,83.01,83.38,2484
2023-10-14,16:07:00,83.38,85.29,82.66,85.05,23837
2023-10-14,16:08:00,85.05,85.23,83.45,83.85,5098
2023-10-14,16:09:00,83.85,84.06,80.3,81.18,29513
2023-10-14,16:10:00,81.18,81.88,76.86,77.97,18173
2023-10-14,16:11:00,77.97,79.62,77.48,79.34,30893
2023-10-14,16:12:00,79.34,79.88,76.14,76.92,32673
2023-10-14,16:13:00,76.92,77.37,74.8,75.22,31162
2023-10-14,16:14:00,75.22,75.91,73.1,73.19,34944
2023-10-14,16:15:00,73.19,75.65,72.33,75.43,40055
2023-10-14,16:16:00,75.43,75.6,72.6,73.44,26075
2023-10-14,16:17:00,73.44,77.16,72.85,76.81,17569
2023-10-14,16:18:00,76.81,77.71,72.11,73.64,28212
2023-10-14,16:19:00,73.64,73.68,73.49,73.52,23206
2023-10-14,16:20:00,73.52,73.67,73.49,73.66,9619
2023-10-14,16:21:00,73.66,76.75,73.11,75.98,2284
2023-10-14,16:22:00,75.98,76.47,71.62,72.95,39182
2023-10-14,16:23:00,72.95,75.94,72.43,75.21,214
2023-10-14,16:24:00,75.21,75.35,74.4,74.65,29735
2023-10-14,16:25:00,74.65,79.58,72.74,76.29,19584
2023-10-14,16:26:00,76.29,76.33,73.82,74.32,3822
2023-10-14,16:27:00,74.32,75.82,74.03,75.76,26325
2023-10-14,16:28:00,75.76,79.44,74.94,79.3,31437
2023-10-14,16:29:00,79.3,79.51,78.07,78.37,23351
2023-10-14,16:30:00,78.37,78.42,75.16,75.56,24772
2023-10-14,16:31:00,75.56,78.81,74.33,78.06,11671
2023-10-14,16:32:00,78.06,81.68,77.07,80.96,22227
2023-10-14,16:33:00,80.96,85.28,80.12,84.3,41840
2023-10-14,16:34:00,84.3,87.16,84.16,86.32,6029
2023-10-14,16:35:00,86.32,86.35,86.22,86.25,37348
2023-10-14,16:36:00,86.25,89.16,86.21,88.42,23491
2023-10-14,16:37:00,88.42,89.6,87.89,89.53,35513
2023-10-14,16:38:00,89.53,89.62,89.27,89.31,22000
2023-10-14,16:39:00,89.31,89.47,88.33,88.53,31620
2023-10-14,16:40:00,88.53,89.06,85.53,86.52,28685
2023-10-14,16:41:00,86.52,91.49,84.97,89.86,958
2023-10-14,16:42:00,89.86,89.99,89.11,89.33,35234
2023-10-14,16:43:00,89.33,89.47,89.29,89.45,16796
2023-10-14,16:44:00,89.45,89.69,89.43,89.65,11911
2023-10-14,16:45:00,89.65,89.95,86.78,87.44,34514
2023-10-14,16:46:00,87.44,87.77,86.05,86.17,626
2023-10-14,16:47:00,86.17,89.75,85.61,89.18,36821
2023-10-14,16:48:00,89.18,89.41,89.16,89.34,11975
2023-10-14,16:49:00,89.34,89.35,89.28,89.3,14018
2023-10-14,16:50:00,89.3,89.57,87.71,87.99,36868
2023-10-14,16:51:00,87.99,88.65,86.05,86.39,36616
2023-10-14,16:52:00,86.39,86.61,85.76,85.84,28863
2023-10-14,16:53:00,85.84,86.14,83.85,84.4,11434
2023-10-14,16:54:00,84.4,87.86,82.96,86.69,9866
2023-10-14,16:55:00,86.69,89.85,86.24,89.02,26166
2023-10-14,16:56:00,89.02,89.63,86.26,87.18,755
2023-10-14,16:57:00,87.18,88.81,86.97,88.6,30469
2023-10-14,16:58:00,88.6,88.84,88.58,88.84,23477
2023-10-14,16:59:00,88.84,89.76,86.8,86.81,31243
2023-10-14,17:00:00,86.81,89.16,86.77,88.68,42428
2023-10-14,17:01:00,88.68,88.78,88.65,88.75,4436
2023-10-14,17:02:00,88.75,88.85,88.72,88.83,15614
2023-10-14,17:03:00,88.83,88.94,88.13,88.24,5812
2023-10-14,17:04:00,88.24,88.3,88.21,88.3,4361
2023-10-14,17:05:00,88.3,88.79,87.05,87.31,39841
2023-10-14,17:06:00,87.31,87.59,85.57,85.96,30297
2023-10-14,17:07:00,85.96,86.18,84.43,84.62,16829
2023-10-14,17:08:00,84.62,84.65,82.13,82.31,9261
2023-10-14,17:09:00,82.31,82.63,78.26,79.56,37209
2023-10-14,17:10:00,79.56,79.72,78.07,78.54,35628
2023-10-14,17:11:00,78.54,79.23,75.06,75.51,29399
2023-10-14,17:12:00,75.51,76.22,72.77,73.54,3487
2023-10-14,17:13:00,73.54,73.78,70.52,70.63,14770
2023-10-14,17:14:00,70.63,73.47,70.56,73.24,1908
2023-10-14,17:15:00,73.24,77.9,71.94,76.56,39996
2023-10-14,17:16:00,76.56,79.76,75.46,79.33,41695
2023-10-14,17:17:00,79.33,80.56,75.61,76.82,22794
2023-10-14,17:18:00,76.82,77.97,76.77,77.95,39027
2023-10-14,17:19:00,77.95,80.59,77.13,79.98,24117
2023-10-14,17:20:00,79.98,79.99,79.98,79.99,28025
2023-10-14,17:21:00,79.99,82.73,79.45,80.75,27659
2023-10-14,17:22:00,80.75,84.44,77.52,78.3,2411
2023-10-14,17:23:00,78.3,78.36,74.49,75.03,7741
2023-10-14,17:24:00,75.03,75.45,74.86,75.44,31734
2023-10-14,17:25:00,75.44,76.38,72.41,72.57,21583
2023-10-14,17:26:00,72.57,76.85,71.13,75.6,22001
2023-10-14,17:27:00,75.6,75.86,72.88,73.25,18435
2023-10-14,17:28:00,73.25,73.38,69.64,70.74,16338
2023-10-14,17:29:00,70.74,70.85,69.58,69.59,15258
2023-10-14,17:30:00,69.59,70.0,66.71,67.23,7655
2023-10-14,17:31:00,67.23,67.49,66.09,66.47,28351
2023-10-14,17:32:00,66.47,66.71,64.71,65.18,6762
2023-10-14,17:33:00,65.18,66.37,60.62,61.92,31973
2023-10-14,17:34:00,61.92,63.28,61.53,62.98,22005
2023-10-14,17:35:00,62.98,67.9,61.25,66.46,38891
2023-10-14,17:36:00,66.46,66.47,63.98,64.73,18805
2023-10-14,17:37:00,64.73,64.91,64.73,64.87,21361
2023-10-14,17:38:00,64.87,65.66,62.19,62.94,22612
2023-10-14,17:39:00,62.94,65.84,62.89,65.25,34550
2023-10-14,17:40:00,65.25,66.2,61.36,61.85,28082
2023-10-14,17:41:00,61.85,63.59,61.18,63.5,16799
2023-10-14,17:42:00,63.5,63.79,62.7,62.84,1131
2023-10-14,17:43:00,62.84,63.87,60.16,60.77,39900
2023-10-14,17:44:00,60.77,61.46,56.09,57.46,23781
2023-10-14,17:45:00,57.46,57.93,57.27,57.86,2323
2023-10-14,17:46:00,57.86,58.41,55.77,56.1,10302
2023-10-14,17:47:00,56.1,59.17,55.4,58.95,13765
2023-10-14,17:48:00,58.95,62.18,57.64,61.77,37536
2023-10-14,17:49:00,61.77,65.32,61.41,64.27,16220
2023-10-14,17:50:00,64.27,65.37,61.49,61.68,3418
2023-10-14,17:51:00,61.68,65.36,61.61,64.29,34002
2023-10-14,17:52:00,64.29,67.24,63.89,66.33,8866
2023-10-14,17:53:00,66.33,66.77,66.18,66.68,10032
2023-10-14,17:54:00,66.68,67.64,66.41,67.59,15134
2023-10-14,17:55:00,67.59,70.39,66.95,70.15,25142
2023-10-14,17:56:00,70.15,70.17,66.23,66.78,7672
2023-10-14,17:57:00,66.78,69.22,66.14,69.21,39442
2023-10-14,17:58:00,69.21,73.45,68.73,72.2,7062
2023-10-14,17:59:00,72.2,75.82,69.86,74.77,27678
2023-10-14,18:00:00,74.77,78.73,73.87,77.62,25973
2023-10-14,18:01:00,77.62,78.3,73.87,78.12,31613
2023-10-14,18:02:00,78.12,78.13,78.08,78.08,16345
2023-10-14,18:03:00,78.08,78.33,76.76,77.06,40221
2023-10-14,18:04:00,77.06,77.31,73.26,74.01,18494
2023-10-14,18:05:00,74.01,75.34,73.79,74.95,8365
2023-10-14,18:06:00,74.95,74.98,72.92,73.48,25234
2023-10-14,18:07:00,73.48,74.84,69.32,70.58,5148
2023-10-14,18:08:00,70.58,72.16,70.0,71.83,31655
2023-10-14,18:09:00,71.83,71.95,68.1,69.14,36764
2023-10-14,18:10:00,69.14,69.57,66.9,67.15,41771
2023-10-14,18:11:00,67.15,68.51,66.55,68.5,38265
2023-10-14,18:12:00,68.5,71.49,68.12,71.18,20663
2023-10-14,18:13:00,71.18,71.34,69.64,70.04,17338
2023-10-14,18:14:00,70.04,70.04,66.89,67.57,41875
2023-10-14,18:15:00,67.57,67.93,63.17,64.05,9261
2023-10-14,18:16:00,64.05,65.5,63.73,65.41,27987
2023-10-14,18:17:00,65.41,68.8,64.36,68.62,13155
2023-10-14,18:18:00,68.62,68.73,67.49,67.75,25167
2023-10-14,18:19:00,67.75,67.91,67.37,67.43,28728
2023-10-14,18:20:00,67.43,67.5,67.01,67.14,12699
2023-10-14,18:21:00,67.14,67.34,66.45,66.6,3221
2023-10-14,18:22:00,66.6,67.24,64.77,65.13,26479
2023-10-14,18:23:00,65.13,65.53,63.0,63.17,35067
2023-10-14,18:24:00,63.17,65.18,62.95,64.8,16653
2023-10-14,18:25:00,64.8,64.98,61.42,62.11,804
2023-10-14,18:26:00,62.11,65.77,61.47,65.53,20192
2023-10-14,18:27:00,65.53,68.52,65.44,68.32,12296
2023-10-14,18:28:00,68.32,69.03,65.17,66.1,36287
2023-10-14,18:29:00,66.1,66.63,64.82,64.96,13774
2023-10-14,18:30:00,64.96,65.3,63.93,64.19,26194
2023-10-14,18:31:00,64.19,64.52,60.24,60.61,24243
2023-10-14,18:32:00,60.61,63.47,56.74,62.45,36209
2023-10-14,18:33:00,62.45,63.05,62.3,63.01,19029
2023-10-14,18:34:00,63.01,63.02,60.54,60.79,19662
2023-10-14,18:35:00,60.79,61.6,60.76,61.52,29565
2023-10-14,18:36:00,61.52,61.67,60.59,60.85,23622
2023-10-14,18:37:00,60.85,63.12,60.11,62.88,24697
2023-10-14,18:38:00,62.88,62.91,62.69,62.73,39887
2023-10-14,18:39:00,62.73,62.96,60.45,61.15,1314
2023-10-14,18:40:00,61.15,63.81,60.79,63.56,9845
2023-10-14,18:41:00,63.56,63.72,61.08,61.44,39980
2023-10-14,18:42:00,61.44,64.69,60.67,64.69,39334
2023-10-14,18:43:00,64.69,65.59,59.74,61.3,2559
2023-10-14,18:44:00,61.3,63.6,58.37,60.22,779
2023-10-14,18:45:00,60.22,64.05,58.97,63.51,20538
2023-10-14,18:46:00,63.51,63.69,62.99,63.07,25364
2023-10-14,18:47:00,63.07,63.13,62.89,62.9,22273
2023-10-14,18:48:00,62.9,62.93,61.97,61.99,4399
2023-10-14,18:49:00,61.99,62.0,61.99,62.0,3456
2023-10-14,18:50:00,62.0,65.37,60.68,65.25,22988
2023-10-14,18:51:00,65.25,66.18,65.09,65.89,24791
2023-10-14,18:52:00,65.89,66.5,63.98,64.14,14961
2023-10-14,18:53:00,64.14,64.83,60.13,61.03,4953
2023-10-14,18:54:00,61.03,62.42,60.85,62.21,39064
2023-10-14,18:55:00,62.21,62.83,57.99,59.38,27676
2023-10-14,18:56:00,59.38,59.4,59.33,59.33,15159
2023-10-14,18:57:00,59.33,60.37,59.01,60.23,35669
2023-10-14,18:58:00,60.23,62.0,59.72,61.61,13439
2023-10-14,18:59:00,61.61,62.23,57.83,58.65,20949
2023-10-14,19:00:00,58.65,61.66,57.88,61.13,37383
2023-10-14,19:01:00,61.13,61.18,60.76,60.82,24580
2023-10-14,19:02:00,60.82,61.03,59.57,59.89,22110
2023-10-14,19:03:00,59.89,60.5,56.4,57.3,24549
2023-10-14,19:04:00,57.3,60.32,57.05,59.96,11771
2023-10-14,19:05:00,59.96,61.49,59.38,61.12,5736
2023-10-14,19:06:00,61.12,63.78,60.27,63.72,8440
2023-10-14,19:07:00,63.72,64.36,61.66,62.12,24804
2023-10-14,19:08:00,62.12,62.15,62.12,62.15,36769
2023-10-14,19:09:00,62.15,62.63,59.87,60.21,28967
2023-10-14,19:10:00,60.21,60.79,56.34,57.11,28009
2023-10-14,19:11:00,57.11,57.34,56.13,56.26,10395
2023-10-14,19:12:00,56.26,57.8,55.69,57.53,9317
2023-10-14,19:13:00,57.53,57.72,54.45,55.38,16339
2023-10-14,19:14:00,55.38,55.42,55.14,55.2,32915
2023-10-14,19:15:00,55.2,55.26,54.71,54.74,12824
2023-10-14,19:16:00,54.74,55.19,52.48,52.82,19200
2023-10-14,19:17:00,52.82,55.31,50.14,51.21,8716
2023-10-14,19:18:00,51.21,53.52,50.55,53.17,40192
2023-10-14,19:19:00,53.17,53.22,52.32,52.59,1190
2023-10-14,19:20:00,52.59,52.65,51.4,51.73,34755
2023-10-14,19:21:00,51.73,51.97,50.39,50.79,39394
2023-10-14,19:22:00,50.79,53.02,48.68,50.33,7592
2023-10-14,19:23:00,50.33,50.47,49.97,50.01,14959
2023-10-14,19:24:00,50.01,50.01,50.01,50.01,11256
2023-10-14,19:25:00,50.01,51.99,50.0,51.39,38798
2023-10-14,19:26:00,51.39,51.5,50.45,50.57,16799
2023-10-14,19:27:00,50.57,50.58,50.54,50.55,28213
2023-10-14,19:28:00,50.55,53.65,49.41,53.63,6493
2023-10-14,19:29:00,53.63,54.18,52.18,52.45,22593
2023-10-14,19:30:00,52.45,52.61,52.01,52.07,8428
2023-10-14,19:31:00,52.07,52.1,50.27,50.69,28274
2023-10-14,19:32:00,50.69,53.31,50.12,52.77,20585
2023-10-14,19:33:00,52.77,53.32,51.22,51.32,33504
2023-10-14,19:34:00,51.32,54.31,50.12,50.68,7271
2023-10-14,19:35:00,50.68,53.53,50.45,53.45,14571
2023-10-14,19:36:00,53.45,54.58,50.35,50.44,16857
2023-10-14,19:37:00,50.44,51.73,50.02,51.49,13213
2023-10-14,19:38:00,51.49,55.94,51.09,54.66,29889
2023-10-14,19:39:00,54.66,54.83,51.68,52.58,9112
2023-10-14,19:40:00,52.58,55.96,52.24,55.37,25674
2023-10-14,19:41:00,55.37,55.5,53.13,53.83,22198
2023-10-14,19:42:00,53.83,56.55,53.82,55.67,27100
2023-10-14,19:43:00,55.67,58.0,55.43,57.71,14446
2023-10-14,19:44:00,57.71,59.31,57.22,58.89,25879
2023-10-14,19:45:00,58.89,60.0,54.96,56.2,26305
2023-10-14,19:46:00,56.2,56.22,55.46,55.7,24854
2023-10-14,19:47:00,55.7,58.03,55.61,57.58,14601
2023-10-14,19:48:00,57.58,59.05,53.29,54.45,18970
2023-10-14,19:49:00,54.45,54.68,53.57,53.71,26984
2023-10-14,19:50:00,53.71,56.49,52.77,55.71,42516
2023-10-14,19:51:00,55.71,56.8,55.39,56.51,2560
2023-10-14,19:52:00,56.51,57.15,54.46,54.63,21713
2023-10-14,19:53:00,54.63,54.95,54.52,54.9,28357
2023-10-14,19:54:00,54.9,55.57,52.16,52.27,30061
2023-10-14,19:55:00,52.27,52.28,52.23,52.24,17398
2023-10-14,19:56:00,52.24,55.27,51.48,55.17,39493
2023-10-14,19:57:00,55.17,56.44,51.47,51.6,12058
2023-10-14,19:58:00,51.6,51.73,51.57,51.69,1510
2023-10-14,19:59:00,51.69,51.73,50.78,51.04,23805
2023-10-14,20:00:00,51.04,51.16,49.96,50.01,25312
2023-10-14,20:01:00,50.01,52.74,49.57,52.14,1251
2023-10-14,20:02:00,52.14,52.27,50.89,50.97,36572
2023-10-14,20:03:00,50.97,50.98,50.87,50.87,4210
2023-10-14,20:04:00,50.87,50.92,50.67,50.73,40885
2023-10-14,20:05:00,50.73,50.73,50.72,50.72,5914
2023-10-14,20:06:00,50.72,50.72,50.63,50.64,16648
2023-10-14,20:07:00,50.64,54.45,47.01,50.31,11331
2023-10-14,20:08:00,50.31,53.8,50.3,53.02,27745
2023-10-14,20:09:00,53.02,56.66,52.76,56.14,21021
2023-10-14,20:10:00,56.14,57.46,55.86,57.02,17035
2023-10-14,20:11:00,57.02,59.99,56.4,59.04,11921
2023-10-14,20:12:00,59.04,59.15,55.57,56.04,24372
2023-10-14,20:13:00,56.04,56.46,53.27,53.87,36567
2023-10-14,20:14:00,53.87,53.96,53.84,53.95,29298
2023-10-14,20:15:00,53.95,57.42,52.55,57.28,33046
2023-10-14,20:16:00,57.28,58.95,57.09,58.53,7650
2023-10-14,20:17:00,58.53,58.87,56.59,57.01,32401
2023-10-14,20:18:00,57.01,57.68,54.23,54.37,28064
2023-10-14,20:19:00,54.37,56.12,53.89,55.62,21661
2023-10-14,20:20:00,55.62,59.02,55.27,57.98,38872
2023-10-14,20:21:00,57.98,58.43,56.95,57.07,34635
2023-10-14,20:22:00,57.07,57.82,53.85,54.19,19790
2023-10-14,20:23:00,54.19,57.02,53.82,56.28,7057
2023-10-14,20:24:00,56.28,57.08,51.1,52.73,34845
2023-10-14,20:25:00,52.73,53.79,50.31,50.39,40170
2023-10-14,20:26:00,50.39,50.41,50.08,50.16,36912
2023-10-14,20:27:00,50.16,50.17,50.12,50.13,15580
2023-10-14,20:28:00,50.13,50.13,50.13,50.13,34443
2023-10-14,20:29:00,50.13,50.16,50.03,50.04,40173
2023-10-14,20:30:00,50.04,50.05,50.01,50.02,14392
2023-10-14,20:31:00,50.02,53.84,49.6,53.22,28041
2023-10-14,20:32:00,53.22,53.3,52.85,52.9,16629
2023-10-14,20:33:00,52.9,53.61,52.86,53.57,12642
2023-10-14,20:34:00,53.57,54.65,49.94,50.34,24502
2023-10-14,20:35:00,50.34,52.79,49.61,52.71,28998
2023-10-14,20:36:00,52.71,57.54,52.3,56.01,26865
2023-10-14,20:37:00,56.01,59.77,54.27,54.97,5285
2023-10-14,20:38:00,54.97,55.25,52.88,53.56,3891
2023-10-14,20:39:00,53.56,55.69,53.09,55.18,42521
2023-10-14,20:40:00,55.18,55.86,50.13,51.73,17238
2023-10-14,20:41:00,51.73,55.78,50.5,55.02,29837
2023-10-14,20:42:00,55.02,57.46,54.71,57.46,29950
2023-10-14,20:43:00,57.46,58.66,57.09,58.45,4366
2023-10-14,20:44:00,58.45,59.93,54.99,55.39,41255
2023-10-14,20:45:00,55.39,55.49,53.19,53.3,27706
2023-10-14,20:46:00,53.3,53.75,50.21,50.55,20705
2023-10-14,20:47:00,50.55,50.63,50.3,50.38,1972
2023-10-14,20:48:00,50.38,53.81,49.59,52.92,9017
2023-10-14,20:49:00,52.92,53.77,50.47,51.22,24745
2023-10-14,20:50:00,51.22,55.81,49.45,54.81,11280
2023-10-14,20:51:00,54.81,59.91,53.7,58.27,17321
2023-10-14,20:52:00,58.27,61.56,57.42,60.81,1171
2023-10-14,20:53:00,60.81,61.8,57.22,58.03,39608
2023-10-14,20:54:00,58.03,60.31,51.9,55.1,5472
2023-10-14,20:55:00,55.1,55.57,52.66,52.95,5827
2023-10-14,20:56:00,52.95,54.05,52.84,53.76,17490
2023-10-14,20:57:00,53.76,54.79,53.57,54.47,37612
2023-10-14,20:58:00,54.47,54.57,52.85,53.12,40546
2023-10-14,20:59:00,53.12,53.7,48.68,50.09,12098
2023-10-14,21:00:00,50.09,50.1,50.03,50.05,17098
2023-10-14,21:01:00,50.05,53.59,49.35,52.69,18435
2023-10-14,21:02:00,52.69,56.89,51.35,55.69,35344
2023-10-14,21:03:00,55.69,57.65,55.52,57.46,29777
2023-10-14,21:04:00,57.46,57.53,57.17,57.22,9936
2023-10-14,21:05:00,57.22,57.68,57.06,57.59,22471
2023-10-14,21:06:00,57.59,59.24,53.51,54.09,21060
2023-10-14,21:07:00,54.09,54.37,54.07,54.3,10939
2023-10-14,21:08:00,54.3,55.11,51.86,52.63,4006
2023-10-14,21:09:00,52.63,52.64,52.63,52.64,40833
2023-10-14,21:10:00,52.64,53.18,49.68,50.03,35766
2023-10-14,21:11:00,50.03,53.49,49.67,52.74,13860
2023-10-14,21:12:00,52.74,52.86,52.2,52.29,30944
2023-10-14,21:13:00,52.29,52.33,52.12,52.14,2150
2023-10-14,21:14:00,52.14,54.7,51.36,51.42,32346
2023-10-14,21:15:00,51.42,54.16,50.63,53.54,10061
2023-10-14,21:16:00,53.54,56.52,53.48,55.62,35268
2023-10-14,21:17:00,55.62,55.85,54.13,54.6,20684
2023-10-14,21:18:00,54.6,55.46,51.79,52.48,14692
2023-10-14,21:19:00,52.48,52.64,49.19,50.19,22689
2023-10-14,21:20:00,50.19,53.68,49.92,52.99,32321
2023-10-14,21:21:00,52.99,54.88,52.71,54.47,40447
2023-10-14,21:22:00,54.47,54.68,54.41,54.63,32123
2023-10-14,21:23:00,54.63,57.54,53.88,56.61,30676
2023-10-14,21:24:00,56.61,56.63,56.31,56.39,32058
2023-10-14,21:25:00,56.39,59.31,56.13,58.87,18259
2023-10-14,21:26:00,58.87,59.68,56.26,56.51,2952
2023-10-14,21:27:00,56.51,56.66,54.73,55.19,38037
2023-10-14,21:28:00,55.19,59.56,54.29,58.76,23339
2023-10-14,21:29:00,58.76,59.07,57.94,58.11,4264
2023-10-14,21:30:00,58.11,58.22,57.7,57.74,38162
2023-10-14,21:31:00,57.74,58.39,55.67,56.08,17225
2023-10-14,21:32:00,56.08,59.14,54.93,58.47,14120
2023-10-14,21:33:00,58.47,58.81,55.5,55.85,27968
2023-10-14,21:34:00,55.85,56.07,52.32,53.43,2148
2023-10-14,21:35:00,53.43,53.49,53.03,53.05,25075
2023-10-14,21:36:00,53.05,55.85,52.38,55.04,29157
2023-10-14,21:37:00,55.04,57.41,54.48,57.05,7063
2023-10-14,21:38:00,57.05,58.23,56.7,57.89,13066
2023-10-14,21:39:00,57.89,58.67,56.28,56.31,32946
2023-10-14,21:40:00,56.31,56.36,56.09,56.13,956
2023-10-14,21:41:00,56.13,59.23,54.7,59.09,20268
2023-10-14,21:42:00,59.09,61.78,58.39,61.52,1718
2023-10-14,21:43:00,61.52,61.63,60.85,60.9,11244
2023-10-14,21:44:00,60.9,61.38,57.4,58.45,5151
2023-10-14,21:45:00,58.45,59.2,55.21,56.14,8741
2023-10-14,21:46:00,56.14,57.53,55.85,57.46,15860
2023-10-14,21:47:00,57.46,58.44,57.19,58.16,14546
2023-10-14,21:48:00,58.16,58.97,57.94,58.91,1177
2023-10-14,21:49:00,58.91,62.0,58.15,61.11,8624
2023-10-14,21:50:00,61.11,62.02,60.7,61.95,32454
2023-10-14,21:51:00,61.95,62.4,60.9,60.94,24516
2023-10-14,21:52:00,60.94,60.95,59.43,59.79,4692
2023-10-14,21:53:00,59.79,61.91,59.06,61.31,29829
2023-10-14,21:54:00,61.31,64.83,60.91,63.98,31278
2023-10-14,21:55:00,63.98,64.81,60.2,60.6,13295
2023-10-14,21:56:00,60.6,60.89,58.27,58.95,38813
2023-10-14,21:57:00,58.95,60.31,56.08,56.22,36051
2023-10-14,21:58:00,56.22,56.37,55.75,55.79,27944
2023-10-14,21:59:00,55.79,56.21,55.74,56.14,30355
2023-10-14,22:00:00,56.14,56.71,54.64,54.79,1917
2023-10-14,22:01:00,54.79,54.8,54.69,54.72,3360
2023-10-14,22:02:00,54.72,54.95,54.68,54.9,6919
2023-10-14,22:03:00,54.9,55.01,54.51,54.6,1783
2023-10-14,22:04:00,54.6,55.09,53.51,53.61,40733
2023-10-14,22:05:00,53.61,56.96,53.29,56.71,25272
2023-10-14,22:06:00,56.71,58.0,56.1,57.97,26465
2023-10-14,22:07:00,57.97,58.12,55.79,56.32,14980
2023-10-14,22:08:00,56.32,56.33,51.82,53.03,31087
2023-10-14,22:09:00,53.03,53.26,52.15,52.36,38170
2023-10-14,22:10:00,52.36,52.39,52.16,52.22,10752
2023-10-14,22:11:00,52.22,52.52,52.16,52.47,14306
2023-10-14,22:12:00,52.47,55.45,52.39,54.84,16206
2023-10-14,22:13:00,54.84,55.61,54.68,55.36,13820
2023-10-14,22:14:00,55.36,55.86,51.2,52.23,28017
2023-10-14,22:15:00,52.23,54.91,52.17,54.3,38261
2023-10-14,22:16:00,54.3,56.32,54.3,55.78,20370
2023-10-14,22:17:00,55.78,56.06,52.62,53.57,14289
2023-10-14,22:18:00,53.57,53.9,51.82,52.08,7848
2023-10-14,22:19:00,52.08,52.16,50.79,51.02,29717
2023-10-14,22:20:00,51.02,51.45,49.86,50.02,20779
2023-10-14,22:21:00,50.02,50.02,50.01,50.01,2521
2023-10-14,22:22:00,50.01,50.2,49.95,50.15,17961
2023-10-14,22:23:00,50.15,50.16,50.12,50.13,42325
2023-10-14,22:24:00,50.13,54.29,49.92,51.88,38316
2023-10-14,22:25:00,51.88,55.18,50.5,55.04,35376
2023-10-14,22:26:00,55.04,56.26,50.11,51.57,13261
2023-10-14,22:27:00,51.57,55.49,51.28,54.49,26018
2023-10-14,22:28:00,54.49,55.62,50.38,51.33,37928
2023-10-14,22:29:00,51.33,51.38,49.78,50.01,31341
2023-10-14,22:30:00,50.01,50.01,50.01,50.01,12955
2023-10-14,22:31:00,50.01,50.01,50.01,50.01,5642
2023-10-14,22:32:00,50.01,53.18,48.63,52.81,5869
2023-10-14,22:33:00,52.81,52.82,51.5,51.69,38659
2023-10-14,22:34:00,51.69,52.22,50.3,50.43,4540
2023-10-14,22:35:00,50.43,50.58,50.41,50.56,15397
2023-10-14,22:36:00,50.56,50.69,50.18,50.29,2149
2023-10-14,22:37:00,50.29,54.38,46.88,50.57,13319
2023-10-14,22:38:00,50.57,50.7,50.54,50.66,31295
2023-10-14,22:39:00,50.66,50.73,50.05,50.16,9021
2023-10-14,22:40:00,50.16,50.19,50.0,50.05,3684
2023-10-14,22:41:00,50.05,51.06,49.85,50.74,39076
2023-10-14,22:42:00,50.74,54.12,49.53,54.01,20479
2023-10-14,22:43:00,54.01,55.45,48.89,50.45,18837
2023-10-14,22:44:00,50.45,50.52,50.19,50.27,41318
2023-10-14,22:45:00,50.27,54.28,48.97,53.31,33235
2023-10-14,22:46:00,53.31,56.27,52.94,55.3,41768
2023-10-14,22:47:00,55.3,55.52,52.7,52.94,39443
2023-10-14,22:48:00,52.94,53.23,50.27,51.01,12575
2023-10-14,22:49:00,51.01,51.2,50.47,50.52,20176
2023-10-14,22:50:00,50.52,50.94,50.39,50.9,8420
2023-10-14,22:51:00,50.9,51.04,50.19,50.4,30757
2023-10-14,22:52:00,50.4,51.77,49.89,51.48,16736
2023-10-14,22:53:00,51.48,51.76,51.43,51.71,37403
2023-10-14,22:54:00,51.71,51.75,51.51,51.51,39669
2023-10-14,22:55:00,51.51,53.45,51.4,52.84,14323
2023-10-14,22:56:00,52.84,53.46,50.15,50.32,13664
2023-10-14,22:57:00,50.32,50.33,50.26,50.28,41875
2023-10-14,22:58:00,50.28,52.59,49.65,52.35,18376
2023-10-14,22:59:00,52.35,52.36,52.19,52.22,19740
2023-10-14,23:00:00,52.22,54.81,52.21,54.14,27827
2023-10-14,23:01:00,54.14,55.59,50.02,50.7,3204
2023-10-14,23:02:00,50.7,50.71,50.39,50.39,27048
2023-10-14,23:03:00,50.39,54.44,49.12,53.48,10380
2023-10-14,23:04:00,53.48,55.51,52.84,55.28,7432
2023-10-14,23:05:00,55.28,55.42,54.48,54.59,16421
2023-10-14,23:06:00,54.59,55.72,49.92,51.37,718
2023-10-14,23:07:00,51.37,52.71,51.31,52.55,34684
2023-10-14,23:08:00,52.55,54.65,52.33,54.23,740
2023-10-14,23:09:00,54.23,54.34,53.35,53.58,8096
2023-10-14,23:10:00,53.58,53.96,53.45,53.87,18682
2023-10-14,23:11:00,53.87,54.27,51.73,52.0,9049
2023-10-14,23:12:00,52.0,54.13,51.95,53.47,25733
2023-10-14,23:13:00,53.47,54.23,51.46,51.8,31583
2023-10-14,23:14:00,51.8,53.35,51.12,53.26,9845
2023-10-14,23:15:00,53.26,53.47,52.34,52.63,10040
2023-10-14,23:16:00,52.63,55.24,49.65,52.22,27023
2023-10-14,23:17:00,52.22,55.96,51.81,55.4,10788
2023-10-14,23:18:00,55.4,57.39,55.23,57.03,3891
2023-10-14,23:19:00,57.03,60.02,56.79,59.48,24771
2023-10-14,23:20:00,59.48,62.82,58.55,61.75,36604
2023-10-14,23:21:00,61.75,62.92,58.6,58.86,20889
2023-10-14,23:22:00,58.86,60.29,58.51,60.25,6189
2023-10-14,23:23:00,60.25,62.65,59.85,61.97,33566
2023-10-14,23:24:00,61.97,62.1,60.88,60.96,10141
2023-10-14,23:25:00,60.96,61.82,57.79,58.0,818
2023-10-14,23:26:00,58.0,59.09,57.73,58.85,20908
2023-10-14,23:27:00,58.85,61.44,57.96,60.67,20238
2023-10-14,23:28:00,60.67,61.69,57.87,57.92,11026
2023-10-14,23:29:00,57.92,58.05,53.67,54.45,14603
2023-10-14,23:30:00,54.45,54.68,51.1,51.9,31125
2023-10-14,23:31:00,51.9,54.99,51.13,54.4,21145
2023-10-14,23:32:00,54.4,54.66,52.88,53.02,34326
2023-10-14,23:33:00,53.02,56.14,51.77,54.03,13410
2023-10-14,23:34:00,54.03,54.55,51.24,52.07,37188
2023-10-14,23:35:00,52.07,52.89,49.62,50.36,22843
2023-10-14,23:36:00,50.36,50.45,49.92,50.06,14154
2023-10-14,23:37:00,50.06,50.26,50.0,50.23,33339
2023-10-14,23:38:00,50.23,50.25,50.03,50.07,41927
2023-10-14,23:39:00,50.07,53.26,49.46,52.37,25940
2023-10-14,23:40:00,52.37,55.83,51.25,55.19,22003
2023-10-14,23:41:00,55.19,56.25,54.75,56.24,36928
2023-10-14,23:42:00,56.24,56.25,56.14,56.16,2808
2023-10-14,23:43:00,56.16,56.16,56.15,56.15,14011
2023-10-14,23:44:00,56.15,56.5,53.4,53.9,9087
2023-10-14,23:45:00,53.9,54.58,49.99,51.03,32123
2023-10-14,23:46:00,51.03,54.22,50.34,53.73,18563
2023-10-14,23:47:00,53.73,53.77,53.62,53.65,27248
2023-10-14,23:48:00,53.65,55.13,53.13,54.78,23859
2023-10-14,23:49:00,54.78,58.83,53.78,58.33,4492
2023-10-14,23:50:00,58.33,60.58,57.64,59.93,36114
2023-10-14,23:51:00,59.93,62.06,59.32,61.63,34008
2023-10-14,23:52:00,61.63,62.69,61.19,62.62,32175
2023-10-14,23:53:00,62.62,64.69,62.28,64.33,36559
2023-10-14,23:54:00,64.33,66.38,63.68,65.85,2863
2023-10-14,23:55:00,65.85,65.95,65.29,65.47,40653
2023-10-14,23:56:00,65.47,68.2,64.31,67.99,39823
2023-10-14,23:57:00,67.99,70.96,66.95,70.22,16902
2023-10-14,23:58:00,70.22,73.12,69.59,71.23,924
2023-10-14,23:59:00,71.23,75.23,69.82,74.33,15135
