2023-10-14,00:00:00,76.74,77.06,76.66,76.96,30013
2023-10-14,00:01:00,76.96,77.06,73.94,74.53,3443
2023-10-14,00:02:00,74.53,77.1,74.26,76.19,4504
2023-10-14,00:03:00,76.19,76.66,73.29,73.8,38687
2023-10-14,00:04:00,73.8,73.83,73.53,73.61,215
2023-10-14,00:05:00,73.61,74.9,72.25,73.83,3729
2023-10-14,00:06:00,73.83,76.59,73.63,75.68,43401
2023-10-14,00:07:00,75.68,76.31,74.32,74.37,29027
2023-10-14,00:08:00,74.37,74.39,73.22,73.38,28754
2023-10-14,00:09:00,73.38,76.16,72.33,75.53,3238
2023-10-14,00:10:00,75.53,78.73,74.51,78.16,42331
2023-10-14,00:11:00,78.16,78.62,77.16,77.24,1985
2023-10-14,00:12:00,77.24,78.81,73.62,76.21,23117
2023-10-14,00:13:00,76.21,76.42,75.57,75.77,30633
2023-10-14,00:14:00,75.77,76.15,72.65,73.39,30344
2023-10-14,00:15:00,73.39,73.75,72.03,72.46,39416
2023-10-14,00:16:00,72.46,74.54,72.06,74.37,42029
2023-10-14,00:17:00,74.37,75.29,74.08,75.17,44167
2023-10-14,00:18:00,75.17,78.24,75.0,77.97,23761
2023-10-14,00:19:00,77.97,78.87,75.68,76.06,40764
2023-10-14,00:20:00,76.06,78.33,75.32,77.67,30055
2023-10-14,00:21:00,77.67,80.79,77.35,80.24,18020
2023-10-14,00:22:00,80.24,81.74,77.95,78.0,11596
2023-10-14,00:23:00,78.0,78.93,77.86,78.82,47231
2023-10-14,00:24:00,78.82,78.85,77.19,77.62,38406
2023-10-14,00:25:00,77.62,77.92,76.39,76.62,27885
2023-10-14,00:26:00,76.62,76.93,72.93,74.06,24801
2023-10-14,00:27:00,74.06,74.47,72.78,72.93,31113
2023-10-14,00:28:00,72.93,73.14,72.83,73.13,2939
2023-10-14,00:29:00,73.13,73.16,72.79,72.83,33562
2023-10-14,00:30:00,72.83,73.22,69.53,69.96,47082
2023-10-14,00:31:00,69.96,70.02,68.31,68.53,43570
2023-10-14,00:32:00,68.53,69.01,65.82,66.5,2680
2023-10-14,00:33:00,66.5,66.52,66.05,66.1,25235
2023-10-14,00:34:00,66.1,68.98,65.97,68.17,23431
2023-10-14,00:35:00,68.17,71.0,67.39,70.18,6217
2023-10-14,00:36:00,70.18,72.0,69.75,71.93,44521
2023-10-14,00:37:00,71.93,72.08,68.11,69.17,30080
2023-10-14,00:38:00,69.17,71.44,68.67,71.26,39477
2023-10-14,00:39:00,71.26,72.47,71.19,72.22,499
2023-10-14,00:40:00,72.22,73.74,71.79,73.39,14445
2023-10-14,00:41:00,73.39,75.63,73.36,75.32,35418
2023-10-14,00:42:00,75.32,75.91,73.33,73.61,840
2023-10-14,00:43:00,73.61,74.61,73.36,74.3,46825
2023-10-14,00:44:00,74.3,75.2,73.91,75.08,37822
2023-10-14,00:45:00,75.08,78.91,73.81,77.88,26162
2023-10-14,00:46:00,77.88,78.18,74.16,75.36,30107
2023-10-14,00:47:00,75.36,75.39,75.19,75.21,3237
2023-10-14,00:48:00,75.21,76.1,71.59,73.75,23835
2023-10-14,00:49:00,73.75,74.69,69.8,70.96,14337
2023-10-14,00:50:00,70.96,72.56,70.76,72.13,5124
2023-10-14,00:51:00,72.13,72.18,69.61,70.32,19334
2023-10-14,00:52:00,70.32,71.96,70.08,71.65,35258
2023-10-14,00:53:00,71.65,71.88,68.2,69.32,11150
2023-10-14,00:54:00,69.32,69.89,69.13,69.85,614
2023-10-14,00:55:00,69.85,70.56,69.81,70.51,30395
2023-10-14,00:56:00,70.51,71.55,70.09,71.39,1908
2023-10-14,00:57:00,71.39,71.68,70.61,70.75,40444
2023-10-14,00:58:00,70.75,74.95,69.49,73.69,43061
2023-10-14,00:59:00,73.69,74.34,73.67,74.23,40352
2023-10-14,01:00:00,74.23,74.71,72.95,73.06,47517
2023-10-14,01:01:00,73.06,74.75,72.98,74.69,30982
2023-10-14,01:02:00,74.69,74.87,73.57,73.76,17083
2023-10-14,01:03:00,73.76,75.88,71.78,71.99,25855
2023-10-14,01:04:00,71.99,72.03,67.89,69.17,5190
2023-10-14,01:05:00,69.17,69.53,67.06,67.72,12586
2023-10-14,01:06:00,67.72,68.98,67.52,68.76,8469
2023-10-14,01:07:00,68.76,70.74,68.08,70.27,7938
2023-10-14,01:08:00,70.27,71.1,67.95,68.23,17673
2023-10-14,01:09:00,68.23,68.47,68.2,68.39,32026
2023-10-14,01:10:00,68.39,68.43,68.37,68.43,11036
2023-10-14,01:11:00,68.43,72.42,67.6,71.24,24773
2023-10-14,01:12:00,71.24,71.24,71.21,71.22,15586
2023-10-14,01:13:00,71.22,71.22,70.53,70.67,43255
2023-10-14,01:14:00,70.67,72.13,70.29,72.0,4734
2023-10-14,01:15:00,72.0,73.19,71.97,72.93,138
2023-10-14,01:16:00,72.93,73.0,72.72,72.77,39283
2023-10-14,01:17:00,72.77,73.36,72.73,73.2,2562
2023-10-14,01:18:00,73.2,73.36,71.96,72.09,14096
2023-10-14,01:19:00,72.09,72.45,70.87,71.03,41574
2023-10-14,01:20:00,71.03,71.67,70.93,71.62,3005
2023-10-14,01:21:00,71.62,73.7,71.43,73.14,28053
2023-10-14,01:22:00,73.14,74.04,73.02,73.75,47142
2023-10-14,01:23:00,73.75,74.15,71.41,72.06,23590
2023-10-14,01:24:00,72.06,72.14,69.8,70.38,2018
2023-10-14,01:25:00,70.38,71.2,70.18,70.96,37799
2023-10-14,01:26:00,70.96,71.05,70.95,71.03,27131
2023-10-14,01:27:00,71.03,71.94,68.79,68.86,6708
2023-10-14,01:28:00,68.86,70.08,65.53,66.33,12125
2023-10-14,01:29:00,66.33,68.88,65.82,68.44,24992
2023-10-14,01:30:00,68.44,68.48,68.27,68.31,23237
2023-10-14,01:31:00,68.31,68.39,68.3,68.39,9715
2023-10-14,01:32:00,68.39,68.53,64.99,66.07,44437
2023-10-14,01:33:00,66.07,69.13,65.69,68.52,26079
2023-10-14,01:34:00,68.52,69.62,64.44,65.78,26926
2023-10-14,01:35:00,65.78,65.82,65.6,65.64,23782
2023-10-14,01:36:00,65.64,65.73,65.24,65.31,43186
2023-10-14,01:37:00,65.31,66.45,64.82,66.44,35168
2023-10-14,01:38:00,66.44,70.32,63.33,68.37,3961
2023-10-14,01:39:00,68.37,68.5,65.75,66.13,44752
2023-10-14,01:40:00,66.13,66.18,65.5,65.64,1894
2023-10-14,01:41:00,65.64,66.02,65.55,66.01,41095
2023-10-14,01:42:00,66.01,66.45,65.9,66.38,37669
2023-10-14,01:43:00,66.38,69.95,65.28,68.77,27704
2023-10-14,01:44:00,68.77,70.68,68.42,70.09,2025
2023-10-14,01:45:00,70.09,70.39,68.53,68.87,5002
2023-10-14,01:46:00,68.87,69.0,68.87,68.97,15542
2023-10-14,01:47:00,68.97,71.09,68.29,71.07,33882
2023-10-14,01:48:00,71.07,74.04,69.86,73.72,21862
2023-10-14,01:49:00,73.72,74.39,73.46,74.39,47716
2023-10-14,01:50:00,74.39,75.83,74.19,75.37,21166
2023-10-14,01:51:00,75.37,75.46,75.09,75.11,44244
2023-10-14,01:52:00,75.11,75.54,73.2,73.82,41025
2023-10-14,01:53:00,73.82,75.42,73.16,75.31,30410
2023-10-14,01:54:00,75.31,75.54,71.42,72.38,21281
2023-10-14,01:55:00,72.38,72.75,71.27,71.3,2792
2023-10-14,01:56:00,71.3,71.71,67.47,68.72,47078
2023-10-14,01:57:00,68.72,68.94,67.26,67.69,6568
2023-10-14,01:58:00,67.69,67.73,67.33,67.35,34244
2023-10-14,01:59:00,67.35,68.48,67.12,68.16,39816
2023-10-14,02:00:00,68.16,68.72,66.32,66.39,26652
2023-10-14,02:01:00,66.39,68.91,65.56,68.29,21670
2023-10-14,02:02:00,68.29,71.41,67.29,70.8,47047
2023-10-14,02:03:00,70.8,71.68,67.89,68.83,30264
2023-10-14,02:04:00,68.83,70.52,68.67,69.98,15460
2023-10-14,02:05:00,69.98,73.53,69.58,72.37,47483
2023-10-14,02:06:00,72.37,74.24,71.85,73.91,36784
2023-10-14,02:07:00,73.91,74.8,71.51,71.78,31604
2023-10-14,02:08:00,71.78,71.79,70.96,70.99,15666
2023-10-14,02:09:00,70.99,71.25,68.5,69.27,33771
2023-10-14,02:10:00,69.27,69.6,66.48,67.15,21143
2023-10-14,02:11:00,67.15,70.06,66.2,69.75,40414
2023-10-14,02:12:00,69.75,69.89,68.74,68.92,47386
2023-10-14,02:13:00,68.92,69.67,66.38,67.14,47463
2023-10-14,02:14:00,67.14,70.69,66.31,70.1,7110
2023-10-14,02:15:00,70.1,71.11,66.48,67.47,45002
2023-10-14,02:16:00,67.47,71.26,66.29,70.05,20269
2023-10-14,02:17:00,70.05,70.32,68.7,69.05,33483
2023-10-14,02:18:00,69.05,69.41,68.97,69.39,10634
2023-10-14,02:19:00,69.39,71.79,68.82,71.48,26405
2023-10-14,02:20:00,71.48,75.08,71.43,73.89,4234
2023-10-14,02:21:00,73.89,74.28,72.79,73.05,33264
2023-10-14,02:22:00,73.05,73.15,72.56,72.71,27511
2023-10-14,02:23:00,72.71,72.77,72.18,72.25,10158
2023-10-14,02:24:00,72.25,74.45,68.85,70.91,45579
2023-10-14,02:25:00,70.91,75.08,70.34,73.77,29958
2023-10-14,02:26:00,73.77,75.43,73.57,75.33,11872
2023-10-14,02:27:00,75.33,75.33,75.33,75.33,22768
2023-10-14,02:28:00,75.33,76.52,72.48,72.65,29810
2023-10-14,02:29:00,72.65,73.35,70.52,70.82,44041
2023-10-14,02:30:00,70.82,70.84,70.68,70.71,2873
2023-10-14,02:31:00,70.71,72.14,70.5,71.88,11763
2023-10-14,02:32:00,71.88,71.99,71.62,71.62,21233
2023-10-14,02:33:00,71.62,75.2,71.44,74.29,24806
2023-10-14,02:34:00,74.29,77.97,73.68,77.2,31019
2023-10-14,02:35:00,77.2,77.75,77.1,77.73,8228
2023-10-14,02:36:00,77.73,77.92,77.72,77.86,12179
2023-10-14,02:37:00,77.86,79.0,74.85,74.89,25152
2023-10-14,02:38:00,74.89,79.01,74.48,77.84,4219
2023-10-14,02:39:00,77.84,80.75,77.58,80.06,40093
2023-10-14,02:40:00,80.06,80.08,79.75,79.83,430
2023-10-14,02:41:00,79.83,79.97,78.55,78.7,20020
2023-10-14,02:42:00,78.7,79.55,78.44,79.3,32379
2023-10-14,02:43:00,79.3,80.75,79.13,80.34,18526
2023-10-14,02:44:00,80.34,80.43,79.97,79.99,7994
2023-10-14,02:45:00,79.99,80.04,76.11,77.03,47373
2023-10-14,02:46:00,77.03,80.17,75.59,80.01,26246
2023-10-14,02:47:00,80.01,83.53,79.61,82.85,3255
2023-10-14,02:48:00,82.85,82.87,81.0,81.05,14459
2023-10-14,02:49:00,81.05,82.84,80.82,82.28,40940
2023-10-14,02:50:00,82.28,82.34,78.84,79.4,20686
2023-10-14,02:51:00,79.4,79.54,79.4,79.5,21319
2023-10-14,02:52:00,79.5,79.94,77.02,77.18,10251
2023-10-14,02:53:00,77.18,77.7,74.15,74.69,40190
2023-10-14,02:54:00,74.69,76.75,74.33,76.48,45082
2023-10-14,02:55:00,76.48,77.63,76.14,77.25,7180
2023-10-14,02:56:00,77.25,81.04,75.89,79.98,27352
2023-10-14,02:57:00,79.98,80.26,79.11,79.26,44833
2023-10-14,02:58:00,79.26,80.35,76.54,77.01,45637
2023-10-14,02:59:00,77.01,77.56,73.6,74.68,4969
2023-10-14,03:00:00,74.68,74.7,74.0,74.21,10953
2023-10-14,03:01:00,74.21,75.0,74.16,74.94,6546
2023-10-14,03:02:00,74.94,78.61,72.54,75.33,24545
2023-10-14,03:03:00,75.33,75.49,74.24,74.36,36608
2023-10-14,03:04:00,74.36,74.51,73.96,74.03,6262
2023-10-14,03:05:00,74.03,75.99,73.19,75.81,30312
2023-10-14,03:06:00,75.81,78.45,74.95,78.45,12918
2023-10-14,03:07:00,78.45,79.7,78.2,79.56,12983
2023-10-14,03:08:00,79.56,79.7,79.5,79.69,28615
2023-10-14,03:09:00,79.69,79.84,79.68,79.81,23570
2023-10-14,03:10:00,79.81,80.6,77.05,77.12,15973
2023-10-14,03:11:00,77.12,77.15,76.9,76.97,10249
2023-10-14,03:12:00,76.97,78.69,76.45,78.13,43171
2023-10-14,03:13:00,78.13,78.78,74.43,75.24,33793
2023-10-14,03:14:00,75.24,75.73,71.6,72.56,29749
2023-10-14,03:15:00,72.56,74.48,71.95,74.37,29239
2023-10-14,03:16:00,74.37,74.71,73.29,73.47,44683
2023-10-14,03:17:00,73.47,73.73,72.68,72.75,1338
2023-10-14,03:18:00,72.75,73.14,71.54,71.61,7629
2023-10-14,03:19:00,71.61,71.71,71.22,71.33,15057
2023-10-14,03:20:00,71.33,73.23,70.82,72.86,31320
2023-10-14,03:21:00,72.86,75.04,72.77,74.46,12190
2023-10-14,03:22:00,74.46,77.83,74.09,76.85,33514
2023-10-14,03:23:00,76.85,76.94,76.85,76.91,44126
2023-10-14,03:24:00,76.91,81.11,75.85,79.87,16124
2023-10-14,03:25:00,79.87,80.05,78.28,78.71,10063
2023-10-14,03:26:00,78.71,79.88,75.35,76.21,23953
2023-10-14,03:27:00,76.21,77.36,73.19,73.41,38624
2023-10-14,03:28:00,73.41,73.46,72.87,73.02,36909
2023-10-14,03:29:00,73.02,76.52,72.57,75.65,16290
2023-10-14,03:30:00,75.65,78.65,75.31,78.28,10893
2023-10-14,03:31:00,78.28,80.26,78.2,79.99,16373
2023-10-14,03:32:00,79.99,80.49,79.85,80.4,24899
2023-10-14,03:33:00,80.4,85.53,78.42,82.62,14652
2023-10-14,03:34:00,82.62,83.16,82.48,83.14,45314
2023-10-14,03:35:00,83.14,83.27,83.12,83.23,37867
2023-10-14,03:36:00,83.23,83.47,79.81,80.34,25421
2023-10-14,03:37:00,80.34,80.34,79.85,79.9,36884
2023-10-14,03:38:00,79.9,81.92,79.03,81.83,5249
2023-10-14,03:39:00,81.83,82.78,81.7,82.49,41909
2023-10-14,03:40:00,82.49,83.31,82.31,83.09,43890
2023-10-14,03:41:00,83.09,83.12,81.13,81.26,8858
2023-10-14,03:42:00,81.26,81.33,80.36,80.4,34044
2023-10-14,03:43:00,80.4,80.88,80.39,80.76,19814
2023-10-14,03:44:00,80.76,84.09,79.78,83.05,45634
2023-10-14,03:45:00,83.05,83.26,83.05,83.22,35934
2023-10-14,03:46:00,83.22,83.28,82.98,83.04,35816
2023-10-14,03:47:00,83.04,83.29,82.97,83.22,19846
2023-10-14,03:48:00,83.22,83.22,83.22,83.22,23119
2023-10-14,03:49:00,83.22,83.86,81.2,81.86,43375
2023-10-14,03:50:00,81.86,82.05,80.57,80.81,8258
2023-10-14,03:51:00,80.81,80.98,80.77,80.93,4820
2023-10-14,03:52:00,80.93,81.73,80.93,81.51,23489
2023-10-14,03:53:00,81.51,81.6,81.5,81.59,5005
2023-10-14,03:54:00,81.59,82.98,81.34,82.66,36265
2023-10-14,03:55:00,82.66,82.81,80.1,80.29,41039
2023-10-14,03:56:00,80.29,83.61,79.19,83.1,16355
2023-10-14,03:57:00,83.1,83.17,80.7,81.26,11377
2023-10-14,03:58:00,81.26,81.39,81.26,81.37,38104
2023-10-14,03:59:00,81.37,81.63,81.25,81.61,34285
2023-10-14,04:00:00,81.61,82.45,79.45,79.71,45760
2023-10-14,04:01:00,79.71,81.93,77.95,78.6,43676
2023-10-14,04:02:00,78.6,78.94,77.18,77.28,2352
2023-10-14,04:03:00,77.28,77.81,75.22,75.83,694
2023-10-14,04:04:00,75.83,76.6,75.75,76.49,36111
2023-10-14,04:05:00,76.49,77.43,76.11,77.35,37883
2023-10-14,04:06:00,77.35,77.42,76.17,76.55,12035
2023-10-14,04:07:00,76.55,76.69,75.37,75.74,6385
2023-10-14,04:08:00,75.74,75.84,74.9,75.17,4819
2023-10-14,04:09:00,75.17,77.1,74.8,77.03,10425
2023-10-14,04:10:00,77.03,78.16,76.97,78.09,14438
2023-10-14,04:11:00,78.09,79.37,78.04,79.24,27904
2023-10-14,04:12:00,79.24,80.58,79.14,80.21,6697
2023-10-14,04:13:00,80.21,80.45,80.2,80.42,28470
2023-10-14,04:14:00,80.42,83.13,80.12,82.99,24061
2023-10-14,04:15:00,82.99,83.02,82.98,83.01,10489
2023-10-14,04:16:00,83.01,83.1,81.71,81.83,42776
2023-10-14,04:17:00,81.83,83.25,81.81,82.83,23156
2023-10-14,04:18:00,82.83,83.03,78.98,80.23,29599
2023-10-14,04:19:00,80.23,81.38,80.14,81.05,5088
2023-10-14,04:20:00,81.05,81.05,81.04,81.04,41295
2023-10-14,04:21:00,81.04,82.04,78.51,78.86,5777
2023-10-14,04:22:00,78.86,81.86,78.74,81.07,18617
2023-10-14,04:23:00,81.07,81.6,80.94,81.43,20469
2023-10-14,04:24:00,81.43,82.34,81.19,82.21,43500
2023-10-14,04:25:00,82.21,82.93,82.07,82.75,28880
2023-10-14,04:26:00,82.75,82.78,82.6,82.62,44111
2023-10-14,04:27:00,82.62,83.87,79.94,79.99,35916
2023-10-14,04:28:00,79.99,80.01,79.15,79.38,37341
2023-10-14,04:29:00,79.38,82.58,78.55,81.74,36290
2023-10-14,04:30:00,81.74,82.01,81.73,81.92,44174
2023-10-14,04:31:00,81.92,82.62,81.72,82.44,2891
2023-10-14,04:32:00,82.44,82.86,82.31,82.83,30878
2023-10-14,04:33:00,82.83,83.03,80.9,81.3,24441
2023-10-14,04:34:00,81.3,81.64,79.41,79.76,39041
2023-10-14,04:35:00,79.76,80.3,77.93,78.24,28750
2023-10-14,04:36:00,78.24,80.52,77.62,79.93,7630
2023-10-14,04:37:00,79.93,82.75,78.77,82.37,24922
2023-10-14,04:38:00,82.37,82.6,79.69,79.83,24706
2023-10-14,04:39:00,79.83,81.3,79.76,81.29,44392
2023-10-14,04:40:00,81.29,81.33,81.29,81.32,35074
2023-10-14,04:41:00,81.32,84.37,76.54,78.55,13366
2023-10-14,04:42:00,78.55,81.15,78.12,80.6,28483
2023-10-14,04:43:00,80.6,82.18,80.05,82.07,10814
2023-10-14,04:44:00,82.07,82.99,82.05,82.83,28052
2023-10-14,04:45:00,82.83,82.83,82.82,82.82,43685
2023-10-14,04:46:00,82.82,85.94,78.83,80.69,31153
2023-10-14,04:47:00,80.69,81.76,80.36,81.45,41163
2023-10-14,04:48:00,81.45,81.79,81.39,81.78,19493
2023-10-14,04:49:00,81.78,81.81,80.98,81.19,1768
2023-10-14,04:50:00,81.19,83.08,80.69,83.06,42323
2023-10-14,04:51:00,83.06,83.09,83.05,83.08,7126
2023-10-14,04:52:00,83.08,83.55,80.18,80.57,19484
2023-10-14,04:53:00,80.57,83.18,80.45,82.57,40172
2023-10-14,04:54:00,82.57,82.83,81.4,81.72,8413
2023-10-14,04:55:00,81.72,82.52,81.5,82.34,26103
2023-10-14,04:56:00,82.34,82.58,82.28,82.53,9162
2023-10-14,04:57:00,82.53,83.02,82.42,82.9,31851
2023-10-14,04:58:00,82.9,82.9,82.87,82.87,5513
2023-10-14,04:59:00,82.87,86.39,82.56,83.09,33215
2023-10-14,05:00:00,83.09,83.23,83.08,83.19,9969
2023-10-14,05:01:00,83.19,84.11,79.9,80.69,25691
2023-10-14,05:02:00,80.69,80.72,77.56,78.37,27067
2023-10-14,05:03:00,78.37,78.39,78.3,78.3,32898
2023-10-14,05:04:00,78.3,80.45,77.6,79.84,16862
2023-10-14,05:05:00,79.84,80.02,79.18,79.33,40891
2023-10-14,05:06:00,79.33,81.34,79.27,80.94,41447
2023-10-14,05:07:00,80.94,81.59,80.76,81.54,19004
2023-10-14,05:08:00,81.54,83.62,81.32,83.04,31153
2023-10-14,05:09:00,83.04,83.1,83.04,83.09,13454
2023-10-14,05:10:00,83.09,83.62,81.15,81.2,3160
2023-10-14,05:11:00,81.2,81.45,77.3,78.66,9253
2023-10-14,05:12:00,78.66,78.72,78.65,78.71,41235
2023-10-14,05:13:00,78.71,82.61,77.38,81.57,43753
2023-10-14,05:14:00,81.57,82.2,79.58,79.76,4158
2023-10-14,05:15:00,79.76,82.56,78.8,81.97,17974
2023-10-14,05:16:00,81.97,82.37,81.92,82.36,40711
2023-10-14,05:17:00,82.36,83.06,82.24,82.94,17835
2023-10-14,05:18:00,82.94,83.24,82.92,83.17,41339
2023-10-14,05:19:00,83.17,85.51,81.54,82.26,20612
2023-10-14,05:20:00,82.26,82.88,80.3,80.7,27118
2023-10-14,05:21:00,80.7,83.03,79.87,82.67,22376
2023-10-14,05:22:00,82.67,83.16,82.46,83.12,4411
2023-10-14,05:23:00,83.12,83.24,83.08,83.2,1896
2023-10-14,05:24:00,83.2,83.21,83.2,83.21,293
2023-10-14,05:25:00,83.21,83.22,83.21,83.22,11711
2023-10-14,05:26:00,83.22,83.23,83.22,83.23,42446
2023-10-14,05:27:00,83.23,83.23,83.23,83.23,5007
2023-10-14,05:28:00,83.23,84.11,80.45,81.15,34958
2023-10-14,05:29:00,81.15,81.64,79.62,79.85,1488
2023-10-14,05:30:00,79.85,80.49,79.66,80.31,43988
2023-10-14,05:31:00,80.31,80.49,80.31,80.44,17521
2023-10-14,05:32:00,80.44,81.21,80.2,81.21,38782
2023-10-14,05:33:00,81.21,81.36,80.3,80.35,37251
2023-10-14,05:34:00,80.35,80.76,77.23,78.05,18968
2023-10-14,05:35:00,78.05,80.16,78.04,79.47,23058
2023-10-14,05:36:00,79.47,80.04,77.26,77.4,40548
2023-10-14,05:37:00,77.4,78.1,77.36,77.95,27572
2023-10-14,05:38:00,77.95,80.85,77.31,80.18,23750
2023-10-14,05:39:00,80.18,83.59,79.27,82.67,18501
2023-10-14,05:40:00,82.67,83.06,82.1,82.61,4926
2023-10-14,05:41:00,82.61,84.24,78.3,81.0,7784
2023-10-14,05:42:00,81.0,81.33,76.89,78.26,35096
2023-10-14,05:43:00,78.26,78.28,78.08,78.08,2778
2023-10-14,05:44:00,78.08,80.91,78.03,80.85,12968
2023-10-14,05:45:00,80.85,82.09,80.56,81.81,38596
2023-10-14,05:46:00,81.81,82.59,81.59,82.58,1830
2023-10-14,05:47:00,82.58,82.91,82.55,82.9,14528
2023-10-14,05:48:00,82.9,83.41,80.73,81.0,44353
2023-10-14,05:49:00,81.0,81.12,80.23,80.44,45277
2023-10-14,05:50:00,80.44,80.65,79.69,79.8,15531
2023-10-14,05:51:00,79.8,80.94,79.5,80.78,41103
2023-10-14,05:52:00,80.78,82.71,80.6,82.15,15518
2023-10-14,05:53:00,82.15,82.93,78.41,79.63,25016
2023-10-14,05:54:00,79.63,81.52,79.25,81.38,40348
2023-10-14,05:55:00,81.38,83.04,80.93,82.76,9812
2023-10-14,05:56:00,82.76,82.85,82.75,82.83,30524
2023-10-14,05:57:00,82.83,83.08,82.77,83.03,46124
2023-10-14,05:58:00,83.03,84.16,79.91,80.11,19394
2023-10-14,05:59:00,80.11,82.92,79.83,82.51,27663
2023-10-14,06:00:00,82.51,85.03,78.94,82.17,2160
2023-10-14,06:01:00,82.17,82.94,79.97,80.51,20535
2023-10-14,06:02:00,80.51,80.81,79.5,79.78,3300
2023-10-14,06:03:00,79.78,81.99,79.27,81.48,20798
2023-10-14,06:04:00,81.48,82.19,79.36,79.93,39979
2023-10-14,06:05:00,79.93,83.75,78.65,82.58,9926
2023-10-14,06:06:00,82.58,82.64,80.34,80.67,46934
2023-10-14,06:07:00,80.67,82.24,80.53,81.87,13654
2023-10-14,06:08:00,81.87,82.44,80.05,80.43,20149
2023-10-14,06:09:00,80.43,81.14,80.25,81.06,41422
2023-10-14,06:10:00,81.06,81.8,81.04,81.75,38400
2023-10-14,06:11:00,81.75,82.45,81.69,82.29,38564
2023-10-14,06:12:00,82.29,83.21,81.98,83.12,24408
2023-10-14,06:13:00,83.12,83.21,80.84,81.42,19955
2023-10-14,06:14:00,81.42,82.44,81.4,82.39,26282
2023-10-14,06:15:00,82.39,83.38,79.54,80.21,29341
2023-10-14,06:16:00,80.21,80.62,78.71,79.03,29620
2023-10-14,06:17:00,79.03,79.18,77.68,77.76,44787
2023-10-14,06:18:00,77.76,79.55,77.28,79.13,35960
2023-10-14,06:19:00,79.13,79.58,77.76,78.21,35755
2023-10-14,06:20:00,78.21,79.81,77.67,79.61,33590
2023-10-14,06:21:00,79.61,81.12,79.56,81.02,8150
2023-10-14,06:22:00,81.02,81.19,78.96,79.02,18642
2023-10-14,06:23:00,79.02,80.27,75.1,76.4,32482
2023-10-14,06:24:00,76.4,76.83,72.7,73.73,8945
2023-10-14,06:25:00,73.73,73.97,70.5,70.79,21036
2023-10-14,06:26:00,70.79,72.86,70.21,72.5,11367
2023-10-14,06:27:00,72.5,73.82,72.12,73.8,31200
2023-10-14,06:28:00,73.8,74.01,73.75,73.96,28814
2023-10-14,06:29:00,73.96,76.82,73.56,75.92,40150
2023-10-14,06:30:00,75.92,76.06,75.41,75.46,5981
2023-10-14,06:31:00,75.46,75.72,72.37,73.34,46060
2023-10-14,06:32:00,73.34,73.53,71.84,72.02,37918
2023-10-14,06:33:00,72.02,72.78,71.76,72.54,38446
2023-10-14,06:34:00,72.54,73.27,70.58,70.74,4929
2023-10-14,06:35:00,70.74,71.5,66.98,67.93,22756
2023-10-14,06:36:00,67.93,67.98,65.0,65.51,13258
2023-10-14,06:37:00,65.51,65.72,64.51,64.79,20193
2023-10-14,06:38:00,64.79,64.84,64.39,64.44,33207
2023-10-14,06:39:00,64.44,66.56,64.25,65.12,46318
2023-10-14,06:40:00,65.12,66.53,64.8,66.35,11991
2023-10-14,06:41:00,66.35,66.98,66.15,66.98,11972
2023-10-14,06:42:00,66.98,68.38,63.64,65.72,19774
2023-10-14,06:43:00,65.72,69.24,65.18,68.5,31188
2023-10-14,06:44:00,68.5,68.94,66.12,66.22,22360
2023-10-14,06:45:00,66.22,67.58,63.03,63.45,15959
2023-10-14,06:46:00,63.45,66.52,63.08,66.21,3912
2023-10-14,06:47:00,66.21,66.5,65.59,65.62,43783
2023-10-14,06:48:00,65.62,66.31,61.36,62.76,332
2023-10-14,06:49:00,62.76,64.24,62.12,64.08,27215
2023-10-14,06:50:00,64.08,66.63,63.66,65.78,648
2023-10-14,06:51:00,65.78,65.89,65.39,65.52,17426
2023-10-14,06:52:00,65.52,68.5,65.01,67.55,2559
2023-10-14,06:53:00,67.55,67.67,65.73,66.27,4052
2023-10-14,06:54:00,66.27,69.26,65.46,68.64,45030
2023-10-14,06:55:00,68.64,69.01,68.55,68.89,5640
2023-10-14,06:56:00,68.89,72.63,68.3,71.74,21768
2023-10-14,06:57:00,71.74,73.61,71.23,73.02,14346
2023-10-14,06:58:00,73.02,75.14,72.79,74.74,46104
2023-10-14,06:59:00,74.74,75.61,71.17,72.18,18516
2023-10-14,07:00:00,72.18,72.28,71.82,71.9,2980
2023-10-14,07:01:00,71.9,71.98,71.63,71.65,46570
2023-10-14,07:02:00,71.65,71.84,71.06,71.09,36357
2023-10-14,07:03:00,71.09,72.89,70.63,72.69,35009
2023-10-14,07:04:00,72.69,72.87,71.93,72.12,25911
2023-10-14,07:05:00,72.12,72.56,70.67,71.07,8850
2023-10-14,07:06:00,71.07,71.11,70.33,70.44,4747
2023-10-14,07:07:00,70.44,73.0,70.23,72.84,47177
2023-10-14,07:08:00,72.84,72.86,72.41,72.5,7713
2023-10-14,07:09:00,72.5,75.7,71.66,75.27,9063
2023-10-14,07:10:00,75.27,78.06,73.97,77.98,12195
2023-10-14,07:11:00,77.98,78.77,75.67,76.37,32142
2023-10-14,07:12:00,76.37,77.68,76.1,77.29,26747
2023-10-14,07:13:00,77.29,77.8,75.03,75.31,26927
2023-10-14,07:14:00,75.31,76.3,75.19,76.04,25650
2023-10-14,07:15:00,76.04,76.33,74.53,74.89,2963
2023-10-14,07:16:00,74.89,75.79,71.9,72.73,36759
2023-10-14,07:17:00,72.73,72.9,70.04,70.85,33947
2023-10-14,07:18:00,70.85,71.02,68.63,69.35,6265
2023-10-14,07:19:00,69.35,71.33,69.06,71.32,28887
2023-10-14,07:20:00,71.32,71.75,69.03,69.23,25820
2023-10-14,07:21:00,69.23,70.3,68.79,70.3,9205
2023-10-14,07:22:00,70.3,73.05,69.8,72.93,20055
2023-10-14,07:23:00,72.93,75.8,72.23,75.17,19367
2023-10-14,07:24:00,75.17,77.63,75.0,77.11,11661
2023-10-14,07:25:00,77.11,77.33,74.73,75.44,37843
2023-10-14,07:26:00,75.44,76.98,75.01,76.73,12512
2023-10-14,07:27:00,76.73,79.18,75.9,79.05,42951
2023-10-14,07:28:00,79.05,79.73,76.57,77.03,41232
2023-10-14,07:29:00,77.03,77.85,76.97,77.63,25145
2023-10-14,07:30:00,77.63,81.72,74.48,80.31,31048
2023-10-14,07:31:00,80.31,80.81,77.52,78.32,13573
2023-10-14,07:32:00,78.32,78.73,77.25,77.44,1671
2023-10-14,07:33:00,77.44,77.45,77.38,77.39,12885
2023-10-14,07:34:00,77.39,78.87,76.73,78.76,2967
2023-10-14,07:35:00,78.76,79.17,76.76,76.89,15956
2023-10-14,07:36:00,76.89,79.21,76.0,79.2,7850
2023-10-14,07:37:00,79.2,79.49,78.41,78.56,15937
2023-10-14,07:38:00,78.56,78.77,78.51,78.73,23666
2023-10-14,07:39:00,78.73,78.78,78.56,78.58,46580
2023-10-14,07:40:00,78.58,79.23,76.61,76.99,46791
2023-10-14,07:41:00,76.99,78.44,76.86,78.05,15533
2023-10-14,07:42:00,78.05,78.48,74.76,75.37,12153
2023-10-14,07:43:00,75.37,77.22,75.25,77.01,12052
2023-10-14,07:44:00,77.01,77.49,75.63,75.8,16498
2023-10-14,07:45:00,75.8,76.16,71.66,72.99,42472
2023-10-14,07:46:00,72.99,73.13,71.3,71.59,25642
2023-10-14,07:47:00,71.59,71.77,69.41,70.12,39985
2023-10-14,07:48:00,70.12,73.93,70.08,72.8,41877
2023-10-14,07:49:00,72.8,73.9,72.63,73.89,32590
2023-10-14,07:50:00,73.89,74.24,72.83,73.18,30914
2023-10-14,07:51:00,73.18,76.98,72.32,76.17,42790
2023-10-14,07:52:00,76.17,79.86,75.5,79.09,42144
2023-10-14,07:53:00,79.09,82.55,79.01,81.65,14716
2023-10-14,07:54:00,81.65,82.1,81.55,82.05,24827
2023-10-14,07:55:00,82.05,82.96,81.91,82.85,3623
2023-10-14,07:56:00,82.85,83.02,82.84,82.99,40397
2023-10-14,07:57:00,82.99,83.07,82.97,83.06,6706
2023-10-14,07:58:00,83.06,83.13,82.88,82.9,26550
2023-10-14,07:59:00,82.9,85.32,79.64,80.07,9118
2023-10-14,08:00:00,80.07,82.95,79.33,82.05,26527
2023-10-14,08:01:00,82.05,82.09,82.05,82.09,14543
2023-10-14,08:02:00,82.09,84.99,80.85,81.07,11082
2023-10-14,08:03:00,81.07,82.58,80.91,82.26,47250
2023-10-14,08:04:00,82.26,82.46,80.63,80.95,32881
2023-10-14,08:05:00,80.95,81.17,80.87,81.15,35954
2023-10-14,08:06:00,81.15,81.33,79.85,80.24,46001
2023-10-14,08:07:00,80.24,80.76,78.8,79.2,28008
2023-10-14,08:08:00,79.2,81.37,78.61,81.04,22772
2023-10-14,08:09:00,81.04,83.67,80.78,83.15,43051
2023-10-14,08:10:00,83.15,83.22,83.14,83.21,39315
2023-10-14,08:11:00,83.21,85.04,79.08,81.29,4071
2023-10-14,08:12:00,81.29,81.32,81.11,81.17,44434
2023-10-14,08:13:00,81.17,81.35,80.41,80.43,45816
2023-10-14,08:14:00,80.43,81.37,77.45,77.64,36818
2023-10-14,08:15:00,77.64,78.06,73.69,74.71,38983
2023-10-14,08:16:00,74.71,75.48,74.57,75.27,4482
2023-10-14,08:17:00,75.27,75.37,74.55,74.58,26123
2023-10-14,08:18:00,74.58,74.79,72.22,72.35,19096
2023-10-14,08:19:00,72.35,73.7,68.93,69.6,392
2023-10-14,08:20:00,69.6,69.92,67.88,68.38,4128
2023-10-14,08:21:00,68.38,71.11,68.33,70.5,22301
2023-10-14,08:22:00,70.5,73.53,69.92,72.88,21134
2023-10-14,08:23:00,72.88,73.45,71.45,71.54,15680
2023-10-14,08:24:00,71.54,71.79,70.09,70.39,10948
2023-10-14,08:25:00,70.39,71.46,70.3,71.19,18529
2023-10-14,08:26:00,71.19,71.8,68.45,69.31,6460
2023-10-14,08:27:00,69.31,69.54,69.3,69.5,29816
2023-10-14,08:28:00,69.5,70.41,67.35,67.67,33590
2023-10-14,08:29:00,67.67,67.68,66.73,66.87,40876
2023-10-14,08:30:00,66.87,67.21,63.89,64.3,5785
2023-10-14,08:31:00,64.3,65.65,63.99,65.35,18249
2023-10-14,08:32:00,65.35,66.87,64.92,66.79,46225
2023-10-14,08:33:00,66.79,67.63,63.8,64.63,41204
2023-10-14,08:34:00,64.63,64.81,62.85,63.12,24669
2023-10-14,08:35:00,63.12,65.38,62.33,64.81,14701
2023-10-14,08:36:00,64.81,65.19,64.76,65.12,12290
2023-10-14,08:37:00,65.12,65.17,63.85,63.87,25215
2023-10-14,08:38:00,63.87,66.42,63.85,65.64,39673
2023-10-14,08:39:00,65.64,67.63,65.07,67.6,41311
2023-10-14,08:40:00,67.6,67.77,66.95,67.03,39832
2023-10-14,08:41:00,67.03,70.03,65.88,69.38,21309
2023-10-14,08:42:00,69.38,72.73,69.03,72.3,8949
2023-10-14,08:43:00,72.3,72.65,70.53,71.01,21573
2023-10-14,08:44:00,71.01,71.74,69.16,69.45,24101
2023-10-14,08:45:00,69.45,72.74,68.65,72.41,23399
2023-10-14,08:46:00,72.41,73.74,72.34,73.31,16363
2023-10-14,08:47:00,73.31,74.71,73.04,74.27,46880
2023-10-14,08:48:00,74.27,76.2,73.77,76.16,29916
2023-10-14,08:49:00,76.16,76.51,74.21,74.52,41152
2023-10-14,08:50:00,74.52,74.88,72.48,72.79,38138
2023-10-14,08:51:00,72.79,73.02,71.57,71.91,36517
2023-10-14,08:52:00,71.91,72.97,71.53,72.9,39667
2023-10-14,08:53:00,72.9,73.71,72.76,73.51,10851
2023-10-14,08:54:00,73.51,75.14,73.23,74.68,47333
2023-10-14,08:55:00,74.68,75.41,74.64,75.36,34122
2023-10-14,08:56:00,75.36,76.17,72.25,73.1,47758
2023-10-14,08:57:00,73.1,73.83,73.01,73.79,14856
2023-10-14,08:58:00,73.79,74.86,73.44,74.62,42202
2023-10-14,08:59:00,74.62,76.76,74.02,76.2,40242
2023-10-14,09:00:00,76.2,77.58,75.76,77.34,34449
2023-10-14,09:01:00,77.34,79.4,77.23,79.3,25050
2023-10-14,09:02:00,79.3,80.26,76.86,77.05,11714
2023-10-14,09:03:00,77.05,80.08,76.87,79.8,27468
2023-10-14,09:04:00,79.8,80.08,75.77,77.02,3359
2023-10-14,09:05:00,77.02,77.03,75.54,75.93,34244
2023-10-14,09:06:00,75.93,77.02,75.76,76.89,43874
2023-10-14,09:07:00,76.89,76.92,76.56,76.58,16860
2023-10-14,09:08:00,76.58,79.71,72.41,74.71,26027
2023-10-14,09:09:00,74.71,77.97,74.69,77.33,39192
2023-10-14,09:10:00,77.33,78.67,76.93,78.63,13179
2023-10-14,09:11:00,78.63,80.64,77.93,80.31,25026
2023-10-14,09:12:00,80.31,80.83,77.38,77.84,29620
2023-10-14,09:13:00,77.84,80.23,77.45,79.75,42919
2023-10-14,09:14:00,79.75,80.56,76.63,77.66,9598
2023-10-14,09:15:00,77.66,78.69,74.91,75.28,39278
2023-10-14,09:16:00,75.28,75.73,73.23,73.25,45918
2023-10-14,09:17:00,73.25,73.61,71.57,72.12,41223
2023-10-14,09:18:00,72.12,72.67,69.71,69.87,6553
2023-10-14,09:19:00,69.87,70.01,69.06,69.32,4433
2023-10-14,09:20:00,69.32,69.96,66.3,67.2,47287
2023-10-14,09:21:00,67.2,69.17,67.06,68.69,6022
2023-10-14,09:22:00,68.69,69.3,66.68,67.08,45840
2023-10-14,09:23:00,67.08,67.08,67.08,67.08,500
2023-10-14,09:24:00,67.08,69.65,66.97,69.25,25701
2023-10-14,09:25:00,69.25,69.98,69.15,69.84,21380
2023-10-14,09:26:00,69.84,69.86,67.73,68.26,7150
2023-10-14,09:27:00,68.26,70.18,67.8,69.66,27640
2023-10-14,09:28:00,69.66,69.92,69.62,69.84,29121
2023-10-14,09:29:00,69.84,70.0,67.98,68.44,7666
2023-10-14,09:30:00,68.44,69.23,65.48,65.74,31529
2023-10-14,09:31:00,65.74,66.1,62.36,62.85,16706
2023-10-14,09:32:00,62.85,65.19,62.26,64.42,40297
2023-10-14,09:33:00,64.42,67.97,64.08,67.04,5072
2023-10-14,09:34:00,67.04,67.08,65.79,65.99,15324
2023-10-14,09:35:00,65.99,68.66,65.65,68.52,8914
2023-10-14,09:36:00,68.52,68.56,67.43,67.44,9095
2023-10-14,09:37:00,67.44,67.47,67.43,67.46,32872
2023-10-14,09:38:00,67.46,67.75,63.28,64.66,9989
2023-10-14,09:39:00,64.66,64.85,63.98,64.17,37122
2023-10-14,09:40:00,64.17,64.46,64.16,64.41,525
2023-10-14,09:41:00,64.41,66.75,63.9,66.35,38394
2023-10-14,09:42:00,66.35,66.49,65.96,66.03,25849
2023-10-14,09:43:00,66.03,66.43,65.92,66.37,22525
2023-10-14,09:44:00,66.37,67.88,66.35,67.41,10705
2023-10-14,09:45:00,67.41,67.65,67.32,67.63,8192
2023-10-14,09:46:00,67.63,70.11,66.89,69.33,26005
2023-10-14,09:47:00,69.33,72.13,68.23,71.94,20320
2023-10-14,09:48:00,71.94,73.54,71.5,73.06,27321
2023-10-14,09:49:00,73.06,73.66,71.23,71.48,23263
2023-10-14,09:50:00,71.48,74.32,71.25,73.44,37942
2023-10-14,09:51:00,73.44,76.88,70.96,75.46,980
2023-10-14,09:52:00,75.46,76.34,72.58,73.21,10314
2023-10-14,09:53:00,73.21,74.24,70.9,71.08,44290
2023-10-14,09:54:00,71.08,73.83,70.57,73.35,40804
2023-10-14,09:55:00,73.35,75.44,72.68,74.87,17126
2023-10-14,09:56:00,74.87,75.31,74.76,75.3,15163
2023-10-14,09:57:00,75.3,75.35,72.13,73.17,18739
2023-10-14,09:58:00,73.17,73.2,73.04,73.05,28130
2023-10-14,09:59:00,73.05,75.99,71.39,75.3,38225
2023-10-14,10:00:00,75.3,75.53,71.56,74.49,32781
2023-10-14,10:01:00,74.49,75.43,70.94,71.75,42792
2023-10-14,10:02:00,71.75,71.77,71.38,71.5,7705
2023-10-14,10:03:00,71.5,75.4,70.52,74.48,30350
2023-10-14,10:04:00,74.48,75.02,71.95,72.63,41592
2023-10-14,10:05:00,72.63,75.37,71.63,75.37,44791
2023-10-14,10:06:00,75.37,76.03,72.28,73.0,30477
2023-10-14,10:07:00,73.0,75.74,72.09,75.71,24265
2023-10-14,10:08:00,75.71,75.95,74.4,74.63,45830
2023-10-14,10:09:00,74.63,75.79,74.25,75.67,37739
2023-10-14,10:10:00,75.67,75.91,73.46,73.6,39818
2023-10-14,10:11:00,73.6,75.8,73.29,75.12,34736
2023-10-14,10:12:00,75.12,75.19,74.87,74.95,22379
2023-10-14,10:13:00,74.95,78.38,73.86,77.75,2460
2023-10-14,10:14:00,77.75,78.0,74.21,75.08,7206
2023-10-14,10:15:00,75.08,78.73,74.84,77.85,17465
2023-10-14,10:16:00,77.85,78.06,76.96,77.03,28255
2023-10-14,10:17:00,77.03,77.38,75.24,75.59,31983
2023-10-14,10:18:00,75.59,75.61,75.12,75.19,27320
2023-10-14,10:19:00,75.19,77.58,74.69,76.9,44349
2023-10-14,10:20:00,76.9,77.49,73.73,74.42,36214
2023-10-14,10:21:00,74.42,75.16,70.65,71.56,6832
2023-10-14,10:22:00,71.56,72.52,67.8,68.8,35498
2023-10-14,10:23:00,68.8,68.85,68.64,68.65,4170
2023-10-14,10:24:00,68.65,72.66,68.23,71.51,6293
2023-10-14,10:25:00,71.51,72.55,68.7,69.41,36197
2023-10-14,10:26:00,69.41,69.42,69.28,69.31,37069
2023-10-14,10:27:00,69.31,72.0,69.12,71.44,35780
2023-10-14,10:28:00,71.44,71.54,68.2,68.89,3234
2023-10-14,10:29:00,68.89,69.39,68.68,69.33,4921
2023-10-14,10:30:00,69.33,70.35,68.47,68.66,3625
2023-10-14,10:31:00,68.66,69.05,67.03,67.47,36686
2023-10-14,10:32:00,67.47,71.13,66.34,70.29,36491
2023-10-14,10:33:00,70.29,71.03,70.28,70.92,13989
2023-10-14,10:34:00,70.92,71.48,70.87,71.33,41086
2023-10-14,10:35:00,71.33,72.97,71.21,72.5,45297
2023-10-14,10:36:00,72.5,73.75,72.43,73.55,34256
2023-10-14,10:37:00,73.55,76.33,72.73,76.01,22892
2023-10-14,10:38:00,76.01,78.75,75.45,78.47,1424
2023-10-14,10:39:00,78.47,79.24,74.76,75.95,35450
2023-10-14,10:40:00,75.95,77.57,75.31,77.32,12553
2023-10-14,10:41:00,77.32,77.67,74.63,75.32,40411
2023-10-14,10:42:00,75.32,75.38,74.44,74.71,21311
2023-10-14,10:43:00,74.71,74.97,73.01,73.27,3724
2023-10-14,10:44:00,73.27,75.07,72.86,74.8,17439
2023-10-14,10:45:00,74.8,74.83,74.7,74.71,34659
2023-10-14,10:46:00,74.71,77.34,73.96,76.67,27856
2023-10-14,10:47:00,76.67,76.69,76.25,76.38,45884
2023-10-14,10:48:00,76.38,76.57,75.25,75.51,44781
2023-10-14,10:49:00,75.51,78.93,75.2,77.85,46244
2023-10-14,10:50:00,77.85,78.2,76.25,76.49,5632
2023-10-14,10:51:00,76.49,76.49,76.47,76.47,2948
2023-10-14,10:52:00,76.47,78.71,76.16,78.68,42536
2023-10-14,10:53:00,78.68,79.55,75.65,75.89,27415
2023-10-14,10:54:00,75.89,76.18,74.95,75.12,5300
2023-10-14,10:55:00,75.12,78.45,74.3,78.06,9963
2023-10-14,10:56:00,78.06,78.56,77.95,78.4,1537
2023-10-14,10:57:00,78.4,80.79,77.95,80.08,4976
2023-10-14,10:58:00,80.08,81.09,77.43,77.68,20769
2023-10-14,10:59:00,77.68,77.94,75.11,75.39,9152
2023-10-14,11:00:00,75.39,76.6,75.02,76.51,35809
2023-10-14,11:01:00,76.51,77.34,73.65,74.44,31343
2023-10-14,11:02:00,74.44,74.51,74.1,74.14,4450
2023-10-14,11:03:00,74.14,76.96,73.58,76.39,37293
2023-10-14,11:04:00,76.39,76.47,75.2,75.32,12036
2023-10-14,11:05:00,75.32,77.57,74.68,77.06,14479
2023-10-14,11:06:00,77.06,80.06,76.69,79.48,8684
2023-10-14,11:07:00,79.48,82.58,78.88,81.9,10342
2023-10-14,11:08:00,81.9,82.07,81.34,81.48,18881
2023-10-14,11:09:00,81.48,84.41,78.47,83.09,44287
2023-10-14,11:10:00,83.09,83.18,83.07,83.15,17321
2023-10-14,11:11:00,83.15,83.16,83.15,83.16,5972
2023-10-14,11:12:00,83.16,83.41,82.4,82.48,36928
2023-10-14,11:13:00,82.48,82.54,81.13,81.36,10586
2023-10-14,11:14:00,81.36,84.45,80.71,82.89,506
2023-10-14,11:15:00,82.89,83.16,80.9,81.4,39515
2023-10-14,11:16:00,81.4,81.42,79.75,80.14,17452
2023-10-14,11:17:00,80.14,82.68,79.97,82.46,4580
2023-10-14,11:18:00,82.46,82.67,81.97,81.99,42316
2023-10-14,11:19:00,81.99,83.0,81.64,82.83,20964
2023-10-14,11:20:00,82.83,83.54,80.42,80.61,15588
2023-10-14,11:21:00,80.61,80.74,80.59,80.71,33608
2023-10-14,11:22:00,80.71,80.73,80.27,80.38,38565
2023-10-14,11:23:00,80.38,80.59,78.85,79.29,29711
2023-10-14,11:24:00,79.29,82.82,75.97,79.63,2212
2023-10-14,11:25:00,79.63,80.81,75.77,76.73,19762
2023-10-14,11:26:00,76.73,77.03,74.41,74.58,6831
2023-10-14,11:27:00,74.58,77.12,73.81,76.8,21533
2023-10-14,11:28:00,76.8,77.7,74.66,74.98,14678
2023-10-14,11:29:00,74.98,75.61,73.33,73.58,28377
2023-10-14,11:30:00,73.58,74.53,73.24,74.27,34238
2023-10-14,11:31:00,74.27,74.34,71.13,71.81,36319
2023-10-14,11:32:00,71.81,74.05,71.39,73.83,47729
2023-10-14,11:33:00,73.83,76.64,73.59,75.82,43513
2023-10-14,11:34:00,75.82,76.11,74.65,74.7,18499
2023-10-14,11:35:00,74.7,74.95,74.67,74.87,20022
2023-10-14,11:36:00,74.87,75.53,74.77,75.35,47632
2023-10-14,11:37:00,75.35,78.47,74.95,77.48,23196
2023-10-14,11:38:00,77.48,77.75,77.46,77.72,41018
2023-10-14,11:39:00,77.72,80.01,77.55,79.37,32839
2023-10-14,11:40:00,79.37,79.71,78.48,78.59,24813
2023-10-14,11:41:00,78.59,78.98,75.87,75.98,15546
2023-10-14,11:42:00,75.98,79.2,75.15,78.66,29211
2023-10-14,11:43:00,78.66,78.71,78.49,78.52,36564
2023-10-14,11:44:00,78.52,78.85,76.18,76.94,23756
2023-10-14,11:45:00,76.94,77.8,73.74,74.78,10668
2023-10-14,11:46:00,74.78,77.19,74.48,77.04,36543
2023-10-14,11:47:00,77.04,77.14,77.03,77.12,28471
2023-10-14,11:48:00,77.12,77.6,75.26,75.46,44745
2023-10-14,11:49:00,75.46,76.51,75.22,76.23,35818
2023-10-14,11:50:00,76.23,78.69,76.09,78.34,32526
2023-10-14,11:51:00,78.34,78.71,77.41,77.54,39278
2023-10-14,11:52:00,77.54,81.51,76.18,80.5,8166
2023-10-14,11:53:00,80.5,82.25,79.99,82.18,27558
2023-10-14,11:54:00,82.18,82.83,82.12,82.66,8546
2023-10-14,11:55:00,82.66,82.89,82.57,82.88,39587
2023-10-14,11:56:00,82.88,82.99,82.56,82.58,29911
2023-10-14,11:57:00,82.58,82.82,82.53,82.81,29139
2023-10-14,11:58:00,82.81,82.9,80.89,81.4,9824
2023-10-14,11:59:00,81.4,81.72,80.5,80.66,23073
2023-10-14,12:00:00,80.66,81.17,80.57,81.0,20228
2023-10-14,12:01:00,81.0,83.06,80.69,82.63,5939
2023-10-14,12:02:00,82.63,82.9,82.55,82.86,32183
2023-10-14,12:03:00,82.86,83.23,82.7,83.19,14544
2023-10-14,12:04:00,83.19,83.83,81.58,81.66,11935
2023-10-14,12:05:00,81.66,81.92,80.74,80.77,45411
2023-10-14,12:06:00,80.77,81.87,80.68,81.64,33907
2023-10-14,12:07:00,81.64,83.14,81.22,83.06,7336
2023-10-14,12:08:00,83.06,83.08,83.06,83.08,20676
2023-10-14,12:09:00,83.08,85.28,82.65,82.83,28646
2023-10-14,12:10:00,82.83,82.92,82.57,82.58,44148
2023-10-14,12:11:00,82.58,82.69,82.56,82.68,30859
2023-10-14,12:12:00,82.68,83.04,80.51,80.86,47438
2023-10-14,12:13:00,80.86,83.6,79.96,82.9,43452
2023-10-14,12:14:00,82.9,82.92,81.76,81.8,4392
2023-10-14,12:15:00,81.8,82.14,80.77,81.06,37642
2023-10-14,12:16:00,81.06,81.8,81.02,81.67,17978
2023-10-14,12:17:00,81.67,82.16,80.05,80.2,14936
2023-10-14,12:18:00,80.2,82.52,79.6,81.8,19576
2023-10-14,12:19:00,81.8,83.22,81.26,82.91,5847
2023-10-14,12:20:00,82.91,82.91,82.71,82.77,18216
2023-10-14,12:21:00,82.77,83.29,81.37,81.55,29619
2023-10-14,12:22:00,81.55,81.57,81.55,81.57,31402
2023-10-14,12:23:00,81.57,82.33,79.17,79.87,35052
2023-10-14,12:24:00,79.87,81.78,79.38,81.65,14126
2023-10-14,12:25:00,81.65,83.9,80.91,83.21,33489
2023-10-14,12:26:00,83.21,83.23,83.2,83.23,29264
2023-10-14,12:27:00,83.23,83.23,83.23,83.23,37495
2023-10-14,12:28:00,83.23,83.66,80.02,80.67,29329
2023-10-14,12:29:00,80.67,82.72,80.03,82.24,5798
2023-10-14,12:30:00,82.24,83.06,82.14,83.0,44112
2023-10-14,12:31:00,83.0,83.14,81.89,82.24,24714
2023-10-14,12:32:00,82.24,83.21,81.92,82.96,45016
2023-10-14,12:33:00,82.96,83.04,82.94,83.03,16271
2023-10-14,12:34:00,83.03,83.87,80.1,80.72,38862
2023-10-14,12:35:00,80.72,80.94,78.99,79.52,32988
2023-10-14,12:36:00,79.52,81.44,79.38,81.06,23099
2023-10-14,12:37:00,81.06,81.12,80.54,80.65,33939
2023-10-14,12:38:00,80.65,81.18,80.47,81.14,6478
2023-10-14,12:39:00,81.14,81.61,80.14,80.18,39896
2023-10-14,12:40:00,80.18,80.38,78.65,78.71,33144
2023-10-14,12:41:00,78.71,82.57,77.65,81.66,17514
2023-10-14,12:42:00,81.66,83.31,81.24,82.95,25821
2023-10-14,12:43:00,82.95,83.23,82.92,83.22,23493
2023-10-14,12:44:00,83.22,83.46,82.16,82.34,23361
2023-10-14,12:45:00,82.34,82.39,82.33,82.38,40218
2023-10-14,12:46:00,82.38,82.82,80.83,81.31,25590
2023-10-14,12:47:00,81.31,81.57,81.3,81.56,10129
2023-10-14,12:48:00,81.56,81.82,78.95,79.42,9869
2023-10-14,12:49:00,79.42,79.86,76.9,77.62,47788
2023-10-14,12:50:00,77.62,79.06,77.21,78.72,33046
2023-10-14,12:51:00,78.72,79.2,76.99,77.3,22409
2023-10-14,12:52:00,77.3,77.49,75.28,75.48,8186
2023-10-14,12:53:00,75.48,75.52,74.16,74.45,14715
2023-10-14,12:54:00,74.45,75.99,74.18,75.73,1441
2023-10-14,12:55:00,75.73,76.95,71.4,72.78,9470
2023-10-14,12:56:00,72.78,74.4,72.35,73.96,21004
2023-10-14,12:57:00,73.96,74.68,71.96,72.14,22259
2023-10-14,12:58:00,72.14,72.24,70.45,71.0,3854
2023-10-14,12:59:00,71.0,73.76,70.03,73.1,8786
2023-10-14,13:00:00,73.1,74.76,73.04,74.68,5923
2023-10-14,13:01:00,74.68,74.7,74.17,74.25,34709
2023-10-14,13:02:00,74.25,76.42,74.07,75.71,12606
2023-10-14,13:03:00,75.71,76.52,73.52,73.6,19682
2023-10-14,13:04:00,73.6,73.76,72.97,73.16,16597
2023-10-14,13:05:00,73.16,73.2,72.94,72.99,31794
2023-10-14,13:06:00,72.99,74.88,72.27,74.55,9335
2023-10-14,13:07:00,74.55,74.68,73.75,73.98,40447
2023-10-14,13:08:00,73.98,75.84,73.36,75.69,26564
2023-10-14,13:09:00,75.69,77.15,75.68,76.87,31188
2023-10-14,13:10:00,76.87,79.95,75.7,79.54,41611
2023-10-14,13:11:00,79.54,79.64,76.64,77.47,37056
2023-10-14,13:12:00,77.47,80.51,77.09,80.1,40200
2023-10-14,13:13:00,80.1,80.65,78.49,78.93,36099
2023-10-14,13:14:00,78.93,79.14,78.11,78.31,19505
2023-10-14,13:15:00,78.31,79.45,78.14,79.26,46860
2023-10-14,13:16:00,79.26,80.04,75.82,76.48,27465
2023-10-14,13:17:00,76.48,80.21,75.37,79.13,46332
2023-10-14,13:18:00,79.13,79.48,77.39,77.49,7464
2023-10-14,13:19:00,77.49,78.17,74.57,74.95,26580
2023-10-14,13:20:00,74.95,75.54,74.94,75.37,15426
2023-10-14,13:21:00,75.37,78.37,74.5,77.85,36129
2023-10-14,13:22:00,77.85,79.34,77.3,79.28,41454
2023-10-14,13:23:00,79.28,80.42,76.3,76.35,18587
2023-10-14,13:24:00,76.35,76.4,76.22,76.24,21647
2023-10-14,13:25:00,76.24,76.52,75.27,75.43,39116
2023-10-14,13:26:00,75.43,76.43,72.98,73.15,5907
2023-10-14,13:27:00,73.15,73.55,72.01,72.21,17035
2023-10-14,13:28:00,72.21,76.15,71.66,74.94,8946
2023-10-14,13:29:00,74.94,75.2,71.27,72.05,44544
2023-10-14,13:30:00,72.05,73.03,69.51,70.08,4622
2023-10-14,13:31:00,70.08,72.25,69.47,71.75,27795
2023-10-14,13:32:00,71.75,74.35,71.43,74.03,14788
2023-10-14,13:33:00,74.03,75.97,73.7,75.58,5072
2023-10-14,13:34:00,75.58,76.68,72.6,72.74,30962
2023-10-14,13:35:00,72.74,75.29,71.98,74.68,18192
2023-10-14,13:36:00,74.68,75.1,71.25,72.09,23563
2023-10-14,13:37:00,72.09,73.48,71.85,73.06,15079
2023-10-14,13:38:00,73.06,74.08,72.99,74.03,33370
2023-10-14,13:39:00,74.03,74.98,73.78,73.82,14547
2023-10-14,13:40:00,73.82,75.02,71.12,71.32,20649
2023-10-14,13:41:00,71.32,74.25,70.31,73.41,3327
2023-10-14,13:42:00,73.41,74.47,73.25,74.24,1261
2023-10-14,13:43:00,74.24,74.32,74.22,74.31,16209
2023-10-14,13:44:00,74.31,74.38,72.52,73.06,28229
2023-10-14,13:45:00,73.06,73.59,69.93,70.22,5376
2023-10-14,13:46:00,70.22,71.82,69.89,71.41,20616
2023-10-14,13:47:00,71.41,74.69,69.19,71.5,15170
2023-10-14,13:48:00,71.5,72.29,68.42,69.39,12186
2023-10-14,13:49:00,69.39,69.63,66.39,67.06,46928
2023-10-14,13:50:00,67.06,68.32,66.51,68.32,19280
2023-10-14,13:51:00,68.32,70.22,68.12,69.95,40358
2023-10-14,13:52:00,69.95,70.66,68.09,68.34,33713
2023-10-14,13:53:00,68.34,68.65,68.29,68.62,45978
2023-10-14,13:54:00,68.62,69.49,68.53,69.22,22785
2023-10-14,13:55:00,69.22,72.31,69.0,72.1,44375
2023-10-14,13:56:00,72.1,73.05,72.1,72.96,46026
2023-10-14,13:57:00,72.96,73.08,72.22,72.33,21538
2023-10-14,13:58:00,72.33,74.87,71.82,74.79,12460
2023-10-14,13:59:00,74.79,74.91,74.27,74.43,8220
2023-10-14,14:00:00,74.43,77.37,74.17,76.48,27973
2023-10-14,14:01:00,76.48,76.65,73.74,74.28,21704
2023-10-14,14:02:00,74.28,74.68,72.75,73.18,28129
2023-10-14,14:03:00,73.18,73.19,72.88,72.94,39701
2023-10-14,14:04:00,72.94,75.89,71.79,75.29,39029
2023-10-14,14:05:00,75.29,75.57,73.04,73.4,4546
2023-10-14,14:06:00,73.4,75.49,73.23,74.86,47436
2023-10-14,14:07:00,74.86,77.81,73.92,77.61,16288
2023-10-14,14:08:00,77.61,79.0,76.39,76.64,7419
2023-10-14,14:09:00,76.64,77.98,76.19,77.58,6632
2023-10-14,14:10:00,77.58,80.81,76.62,80.15,30016
2023-10-14,14:11:00,80.15,80.45,76.69,77.31,41189
2023-10-14,14:12:00,77.31,81.11,74.43,79.82,7767
2023-10-14,14:13:00,79.82,81.86,79.39,81.77,21888
2023-10-14,14:14:00,81.77,81.92,81.07,81.23,13247
2023-10-14,14:15:00,81.23,83.25,80.96,82.59,23546
2023-10-14,14:16:00,82.59,83.01,82.54,82.9,8670
2023-10-14,14:17:00,82.9,83.08,82.1,82.33,17364
2023-10-14,14:18:00,82.33,85.33,81.48,82.86,24654
2023-10-14,14:19:00,82.86,83.18,80.57,81.25,12171
2023-10-14,14:20:00,81.25,82.7,80.87,82.51,7008
2023-10-14,14:21:00,82.51,82.89,79.92,79.94,18678
2023-10-14,14:22:00,79.94,79.96,79.0,79.1,24965
2023-10-14,14:23:00,79.1,79.27,79.06,79.25,36836
2023-10-14,14:24:00,79.25,79.25,79.22,79.23,28040
2023-10-14,14:25:00,79.23,83.62,76.98,81.37,41337
2023-10-14,14:26:00,81.37,81.68,77.02,78.46,44424
2023-10-14,14:27:00,78.46,78.98,76.88,77.14,5118
2023-10-14,14:28:00,77.14,78.13,73.98,74.52,28560
2023-10-14,14:29:00,74.52,74.69,73.06,73.19,35036
2023-10-14,14:30:00,73.19,76.79,72.33,75.71,24689
2023-10-14,14:31:00,75.71,78.77,75.56,78.04,45516
2023-10-14,14:32:00,78.04,78.37,77.97,78.27,19107
2023-10-14,14:33:00,78.27,79.42,74.25,75.45,18244
2023-10-14,14:34:00,75.45,77.3,75.12,76.92,44945
2023-10-14,14:35:00,76.92,76.93,76.15,76.32,22219
2023-10-14,14:36:00,76.32,76.59,75.09,75.22,23185
2023-10-14,14:37:00,75.22,75.77,72.3,73.01,32802
2023-10-14,14:38:00,73.01,73.95,69.71,70.49,10796
2023-10-14,14:39:00,70.49,71.53,70.33,71.53,44175
2023-10-14,14:40:00,71.53,72.12,71.48,71.98,22204
2023-10-14,14:41:00,71.98,72.96,71.91,72.66,1300
2023-10-14,14:42:00,72.66,73.01,70.61,71.12,37665
2023-10-14,14:43:00,71.12,73.23,70.47,72.61,2096
2023-10-14,14:44:00,72.61,72.75,71.5,71.62,32269
2023-10-14,14:45:00,71.62,73.46,71.04,72.93,7473
2023-10-14,14:46:00,72.93,73.24,71.43,71.82,17640
2023-10-14,14:47:00,71.82,71.97,70.38,70.69,38710
2023-10-14,14:48:00,70.69,72.43,70.61,72.17,30892
2023-10-14,14:49:00,72.17,75.16,71.44,74.21,4659
2023-10-14,14:50:00,74.21,76.47,73.74,76.36,39890
2023-10-14,14:51:00,76.36,79.29,75.96,79.21,47480
2023-10-14,14:52:00,79.21,79.9,79.05,79.9,42142
2023-10-14,14:53:00,79.9,80.58,79.74,80.4,4393
2023-10-14,14:54:00,80.4,81.01,76.35,77.52,28974
2023-10-14,14:55:00,77.52,79.26,77.35,78.94,24643
2023-10-14,14:56:00,78.94,82.7,78.0,81.79,31643
2023-10-14,14:57:00,81.79,82.09,81.68,82.03,46212
2023-10-14,14:58:00,82.03,83.24,81.6,83.06,25760
2023-10-14,14:59:00,83.06,84.22,78.34,81.42,18302
2023-10-14,15:00:00,81.42,81.88,78.51,79.39,12266
2023-10-14,15:01:00,79.39,82.27,78.61,81.5,41045
2023-10-14,15:02:00,81.5,81.71,78.47,78.98,45374
2023-10-14,15:03:00,78.98,79.77,78.98,79.67,32065
2023-10-14,15:04:00,79.67,80.43,76.1,77.15,27430
2023-10-14,15:05:00,77.15,78.41,76.95,78.05,30485
2023-10-14,15:06:00,78.05,79.47,77.9,79.43,25317
2023-10-14,15:07:00,79.43,79.71,77.47,78.04,27879
2023-10-14,15:08:00,78.04,78.26,76.94,77.2,25325
2023-10-14,15:09:00,77.2,77.48,76.15,76.29,44775
2023-10-14,15:10:00,76.29,80.15,76.14,79.03,3249
2023-10-14,15:11:00,79.03,80.47,78.75,80.26,14332
2023-10-14,15:12:00,80.26,80.43,78.43,79.0,33644
2023-10-14,15:13:00,79.0,80.48,78.89,80.13,5760
2023-10-14,15:14:00,80.13,83.0,79.59,82.05,378
2023-10-14,15:15:00,82.05,82.8,81.93,82.56,32050
2023-10-14,15:16:00,82.56,82.67,81.95,82.15,15403
2023-10-14,15:17:00,82.15,82.57,81.98,82.57,17140
2023-10-14,15:18:00,82.57,83.19,82.37,83.16,32931
2023-10-14,15:19:00,83.16,83.45,82.33,82.47,25501
2023-10-14,15:20:00,82.47,82.59,82.01,82.08,7532
2023-10-14,15:21:00,82.08,83.61,81.69,83.23,21674
2023-10-14,15:22:00,83.23,83.28,81.21,81.65,8390
2023-10-14,15:23:00,81.65,81.68,80.28,80.69,8540
2023-10-14,15:24:00,80.69,81.08,77.64,78.27,39751
2023-10-14,15:25:00,78.27,78.42,74.63,75.77,27743
2023-10-14,15:26:00,75.77,78.53,75.74,76.73,12359
2023-10-14,15:27:00,76.73,76.97,74.51,75.24,25632
2023-10-14,15:28:00,75.24,75.56,75.23,75.52,2026
2023-10-14,15:29:00,75.52,75.84,72.67,72.94,30106
2023-10-14,15:30:00,72.94,73.12,71.17,71.62,44241
2023-10-14,15:31:00,71.62,71.69,69.1,69.92,15001
2023-10-14,15:32:00,69.92,71.94,69.58,71.74,28900
2023-10-14,15:33:00,71.74,74.12,71.54,73.42,31723
2023-10-14,15:34:00,73.42,76.46,73.01,76.33,16750
2023-10-14,15:35:00,76.33,77.34,76.21,77.01,9290
2023-10-14,15:36:00,77.01,77.15,77.01,77.15,9008
2023-10-14,15:37:00,77.15,80.96,76.01,79.78,10503
2023-10-14,15:38:00,79.78,79.92,79.78,79.92,30774
2023-10-14,15:39:00,79.92,80.4,77.97,78.58,35369
2023-10-14,15:40:00,78.58,81.95,77.92,81.48,15707
2023-10-14,15:41:00,81.48,81.69,80.2,80.49,33649
2023-10-14,15:42:00,80.49,85.69,77.9,83.24,42291
2023-10-14,15:43:00,83.24,83.78,81.1,81.6,6768
2023-10-14,15:44:00,81.6,82.46,81.28,82.42,31242
2023-10-14,15:45:00,82.42,83.35,82.31,83.12,33659
2023-10-14,15:46:00,83.12,83.33,81.42,81.68,19216
2023-10-14,15:47:00,81.68,81.79,81.66,81.78,2838
2023-10-14,15:48:00,81.78,82.85,81.7,82.56,8844
2023-10-14,15:49:00,82.56,82.64,81.66,81.72,3287
2023-10-14,15:50:00,81.72,81.79,78.13,78.93,43971
2023-10-14,15:51:00,78.93,82.67,78.63,81.57,3942
2023-10-14,15:52:00,81.57,81.65,80.59,80.87,44026
2023-10-14,15:53:00,80.87,81.63,79.08,79.18,36476
2023-10-14,15:54:00,79.18,79.49,79.13,79.44,11089
2023-10-14,15:55:00,79.44,79.81,78.59,78.63,6751
2023-10-14,15:56:00,78.63,80.57,77.73,80.52,2228
2023-10-14,15:57:00,80.52,83.22,80.42,82.88,1956
2023-10-14,15:58:00,82.88,83.11,82.88,83.04,13135
2023-10-14,15:59:00,83.04,83.1,83.02,83.09,1960
2023-10-14,16:00:00,83.09,83.47,81.98,82.02,7776
2023-10-14,16:01:00,82.02,82.13,81.62,81.65,36317
2023-10-14,16:02:00,81.65,81.69,81.38,81.47,41519
2023-10-14,16:03:00,81.47,81.52,80.95,80.96,4155
2023-10-14,16:04:00,80.96,83.23,80.95,82.7,40974
2023-10-14,16:05:00,82.7,84.0,78.73,79.79,25603
2023-10-14,16:06:00,79.79,80.5,79.74,80.44,13037
2023-10-14,16:07:00,80.44,81.79,76.24,77.54,21382
2023-10-14,16:08:00,77.54,77.63,76.41,76.63,27133
2023-10-14,16:09:00,76.63,77.18,74.55,74.69,19974
2023-10-14,16:10:00,74.69,77.23,74.36,77.06,12707
2023-10-14,16:11:00,77.06,77.49,75.93,76.03,22455
2023-10-14,16:12:00,76.03,78.37,75.68,77.94,34110
2023-10-14,16:13:00,77.94,78.16,77.86,78.14,10120
2023-10-14,16:14:00,78.14,78.61,74.52,75.49,44480
2023-10-14,16:15:00,75.49,75.64,73.07,73.85,20124
2023-10-14,16:16:00,73.85,75.5,73.53,74.96,14590
2023-10-14,16:17:00,74.96,78.33,74.4,77.78,15557
2023-10-14,16:18:00,77.78,77.98,76.63,76.77,47364
2023-10-14,16:19:00,76.77,78.82,76.58,78.72,21999
2023-10-14,16:20:00,78.72,80.31,78.41,79.95,46879
2023-10-14,16:21:00,79.95,83.48,79.38,82.66,31911
2023-10-14,16:22:00,82.66,83.62,79.53,79.89,45460
2023-10-14,16:23:00,79.89,81.6,79.39,81.03,17773
2023-10-14,16:24:00,81.03,81.1,78.03,78.45,28084
2023-10-14,16:25:00,78.45,79.22,74.93,75.97,7402
2023-10-14,16:26:00,75.97,76.44,73.3,73.31,5997
2023-10-14,16:27:00,73.31,73.47,70.74,71.51,11346
2023-10-14,16:28:00,71.51,71.81,70.43,70.62,30439
2023-10-14,16:29:00,70.62,70.62,70.53,70.56,13820
2023-10-14,16:30:00,70.56,70.57,70.56,70.57,37262
2023-10-14,16:31:00,70.57,70.64,69.1,69.32,19601
2023-10-14,16:32:00,69.32,70.98,69.03,70.75,10624
2023-10-14,16:33:00,70.75,70.84,69.82,70.04,28110
2023-10-14,16:34:00,70.04,73.17,69.12,72.74,6266
2023-10-14,16:35:00,72.74,77.31,71.08,74.78,12972
2023-10-14,16:36:00,74.78,75.4,72.7,73.32,45242
2023-10-14,16:37:00,73.32,76.71,72.95,75.84,20735
2023-10-14,16:38:00,75.84,75.93,73.64,75.11,13762
2023-10-14,16:39:00,75.11,75.26,74.54,74.63,7531
2023-10-14,16:40:00,74.63,74.71,73.26,73.57,47285
2023-10-14,16:41:00,73.57,74.63,73.55,74.28,25821
2023-10-14,16:42:00,74.28,74.67,73.2,73.29,34714
2023-10-14,16:43:00,73.29,73.3,72.35,72.57,8267
2023-10-14,16:44:00,72.57,73.38,69.81,70.69,22142
2023-10-14,16:45:00,70.69,73.98,69.21,69.77,10474
2023-10-14,16:46:00,69.77,72.22,68.83,71.86,36435
2023-10-14,16:47:00,71.86,72.12,71.16,71.33,42313
2023-10-14,16:48:00,71.33,71.56,70.66,70.81,37172
2023-10-14,16:49:00,70.81,70.85,68.79,68.97,42827
2023-10-14,16:50:00,68.97,68.97,66.74,67.43,10880
2023-10-14,16:51:00,67.43,69.46,67.03,68.82,38975
2023-10-14,16:52:00,68.82,69.04,68.14,68.26,1118
2023-10-14,16:53:00,68.26,71.4,66.91,71.1,13172
2023-10-14,16:54:00,71.1,73.2,70.67,72.76,7535
2023-10-14,16:55:00,72.76,75.77,72.37,75.72,38699
2023-10-14,16:56:00,75.72,77.83,75.23,77.51,6195
2023-10-14,16:57:00,77.51,78.18,77.4,78.11,41114
2023-10-14,16:58:00,78.11,78.27,77.38,77.58,32141
2023-10-14,16:59:00,77.58,80.27,76.88,80.25,7305
2023-10-14,17:00:00,80.25,82.43,79.83,82.18,21813
2023-10-14,17:01:00,82.18,82.22,81.34,81.6,11124
2023-10-14,17:02:00,81.6,82.29,81.36,82.1,19643
2023-10-14,17:03:00,82.1,82.91,78.8,79.74,26308
2023-10-14,17:04:00,79.74,80.6,77.15,77.68,7450
2023-10-14,17:05:00,77.68,77.73,75.72,75.75,33486
2023-10-14,17:06:00,75.75,79.47,75.73,78.56,6051
2023-10-14,17:07:00,78.56,78.58,77.91,78.0,3394
2023-10-14,17:08:00,78.0,79.06,77.92,78.71,18435
2023-10-14,17:09:00,78.71,78.82,75.29,76.03,8671
2023-10-14,17:10:00,76.03,77.28,75.81,77.22,42691
2023-10-14,17:11:00,77.22,77.95,74.43,74.5,25706
2023-10-14,17:12:00,74.5,74.84,73.27,73.48,24698
2023-10-14,17:13:00,73.48,73.7,72.24,72.42,7318
2023-10-14,17:14:00,72.42,74.1,67.93,70.52,47371
2023-10-14,17:15:00,70.52,72.94,70.42,72.84,35108
2023-10-14,17:16:00,72.84,72.98,72.83,72.96,5413
2023-10-14,17:17:00,72.96,75.76,71.97,75.75,45250
2023-10-14,17:18:00,75.75,75.82,74.02,74.4,38619
2023-10-14,17:19:00,74.4,74.56,73.31,73.65,7000
2023-10-14,17:20:00,73.65,74.22,73.62,74.04,21489
2023-10-14,17:21:00,74.04,74.42,70.83,71.85,15978
2023-10-14,17:22:00,71.85,73.89,71.26,73.45,41613
2023-10-14,17:23:00,73.45,74.8,72.95,74.79,34542
2023-10-14,17:24:00,74.79,77.56,74.03,76.74,12674
2023-10-14,17:25:00,76.74,77.06,75.53,75.8,25563
2023-10-14,17:26:00,75.8,76.73,72.24,73.41,26228
2023-10-14,17:27:00,73.41,75.4,72.95,75.04,3307
2023-10-14,17:28:00,75.04,78.32,73.9,77.68,26550
2023-10-14,17:29:00,77.68,80.27,77.34,79.55,22932
2023-10-14,17:30:00,79.55,82.3,78.77,81.7,47579
2023-10-14,17:31:00,81.7,82.05,80.47,80.6,12293
2023-10-14,17:32:00,80.6,82.3,80.08,82.18,8570
2023-10-14,17:33:00,82.18,82.18,81.96,82.0,25873
2023-10-14,17:34:00,82.0,82.84,81.8,82.78,31099
2023-10-14,17:35:00,82.78,83.2,82.76,83.08,16042
2023-10-14,17:36:00,83.08,83.11,83.07,83.1,34265
2023-10-14,17:37:00,83.1,83.4,82.49,83.11,5475
2023-10-14,17:38:00,83.11,83.25,83.06,83.23,26037
2023-10-14,17:39:00,83.23,83.39,82.03,82.26,34638
2023-10-14,17:40:00,82.26,82.43,79.66,79.71,41931
2023-10-14,17:41:00,79.71,81.99,78.81,81.58,26164
2023-10-14,17:42:00,81.58,82.26,79.25,80.0,27245
2023-10-14,17:43:00,80.0,81.1,77.44,77.73,26749
2023-10-14,17:44:00,77.73,77.74,77.69,77.7,45799
2023-10-14,17:45:00,77.7,77.75,77.39,77.41,22172
2023-10-14,17:46:00,77.41,79.18,76.71,78.83,46762
2023-10-14,17:47:00,78.83,78.96,78.5,78.52,28043
2023-10-14,17:48:00,78.52,81.65,77.75,81.08,43243
2023-10-14,17:49:00,81.08,81.92,78.89,79.24,28336
2023-10-14,17:50:00,79.24,79.56,78.03,78.41,18486
2023-10-14,17:51:00,78.41,82.31,77.07,81.35,23864
2023-10-14,17:52:00,81.35,81.41,79.61,79.79,36213
2023-10-14,17:53:00,79.79,79.95,77.84,78.12,36908
2023-10-14,17:54:00,78.12,80.71,77.24,80.4,27129
2023-10-14,17:55:00,80.4,80.48,80.39,80.47,40556
2023-10-14,17:56:00,80.47,83.97,79.39,83.17,19463
2023-10-14,17:57:00,83.17,83.21,83.16,83.2,7953
2023-10-14,17:58:00,83.2,83.21,83.07,83.11,24040
2023-10-14,17:59:00,83.11,83.28,81.85,81.97,13902
2023-10-14,18:00:00,81.97,82.39,80.69,80.91,23467
2023-10-14,18:01:00,80.91,81.17,79.24,79.55,12072
2023-10-14,18:02:00,79.55,81.63,79.39,81.09,1564
2023-10-14,18:03:00,81.09,81.25,78.66,79.42,1758
2023-10-14,18:04:00,79.42,84.2,78.96,82.3,45464
2023-10-14,18:05:00,82.3,83.3,81.98,82.98,23409
2023-10-14,18:06:00,82.98,82.99,80.69,81.33,39869
2023-10-14,18:07:00,81.33,83.66,80.66,82.9,22708
2023-10-14,18:08:00,82.9,83.06,81.69,81.96,7619
2023-10-14,18:09:00,81.96,83.08,81.79,82.86,28086
2023-10-14,18:10:00,82.86,82.98,82.47,82.58,13693
2023-10-14,18:11:00,82.58,83.31,80.7,80.73,43328
2023-10-14,18:12:00,80.73,81.25,77.73,78.35,12030
2023-10-14,18:13:00,78.35,78.39,78.24,78.26,45567
2023-10-14,18:14:00,78.26,78.27,78.24,78.24,40515
2023-10-14,18:15:00,78.24,79.04,75.18,75.59,27773
2023-10-14,18:16:00,75.59,77.69,75.02,77.42,39416
2023-10-14,18:17:00,77.42,78.1,74.51,74.66,3704
2023-10-14,18:18:00,74.66,74.66,74.55,74.57,44519
2023-10-14,18:19:00,74.57,75.35,71.38,72.41,8441
2023-10-14,18:20:00,72.41,72.48,71.93,72.08,4467
2023-10-14,18:21:00,72.08,74.03,71.41,73.73,1603
2023-10-14,18:22:00,73.73,75.47,73.6,75.35,32262
2023-10-14,18:23:00,75.35,75.92,75.28,75.82,43790
2023-10-14,18:24:00,75.82,75.84,75.81,75.84,24200
2023-10-14,18:25:00,75.84,77.34,75.78,76.95,1975
2023-10-14,18:26:00,76.95,79.61,76.85,79.57,32459
2023-10-14,18:27:00,79.57,79.79,77.05,77.73,22601
2023-10-14,18:28:00,77.73,77.81,77.27,77.38,26984
2023-10-14,18:29:00,77.38,77.77,74.88,75.1,47859
2023-10-14,18:30:00,75.1,75.11,75.07,75.07,12581
2023-10-14,18:31:00,75.07,75.86,74.96,75.76,10248
2023-10-14,18:32:00,75.76,75.78,75.69,75.71,42395
2023-10-14,18:33:00,75.71,77.21,75.67,76.99,10061
2023-10-14,18:34:00,76.99,77.76,76.92,77.51,13125
2023-10-14,18:35:00,77.51,77.94,75.13,75.34,46445
2023-10-14,18:36:00,75.34,76.47,75.04,76.42,38481
2023-10-14,18:37:00,76.42,76.89,76.28,76.8,41216
2023-10-14,18:38:00,76.8,79.25,74.29,74.85,42063
2023-10-14,18:39:00,74.85,77.15,74.32,76.73,37616
2023-10-14,18:40:00,76.73,79.53,75.86,79.34,28322
2023-10-14,18:41:00,79.34,79.6,74.95,76.38,44777
2023-10-14,18:42:00,76.38,76.42,76.13,76.2,302
2023-10-14,18:43:00,76.2,78.01,75.55,77.77,20936
2023-10-14,18:44:00,77.77,78.62,74.1,75.09,11591
2023-10-14,18:45:00,75.09,76.82,74.68,76.57,937
2023-10-14,18:46:00,76.57,80.25,76.44,79.5,31419
2023-10-14,18:47:00,79.5,79.99,79.47,79.97,15189
2023-10-14,18:48:00,79.97,80.01,79.96,80.0,5855
2023-10-14,18:49:00,80.0,80.36,79.88,80.26,39689
2023-10-14,18:50:00,80.26,80.8,80.09,80.68,6635
2023-10-14,18:51:00,80.68,81.23,78.17,78.67,44787
2023-10-14,18:52:00,78.67,81.1,78.31,80.61,42564
2023-10-14,18:53:00,80.61,81.02,79.43,79.5,41362
2023-10-14,18:54:00,79.5,79.9,78.18,78.34,39791
2023-10-14,18:55:00,78.34,78.36,75.39,76.24,291
2023-10-14,18:56:00,76.24,77.45,72.38,73.64,39109
2023-10-14,18:57:00,73.64,76.18,73.19,75.8,10739
2023-10-14,18:58:00,75.8,78.06,72.67,74.74,25024
2023-10-14,18:59:00,74.74,79.21,73.51,77.72,27257
2023-10-14,19:00:00,77.72,79.38,77.37,79.22,5257
2023-10-14,19:01:00,79.22,79.69,79.2,79.57,45527
2023-10-14,19:02:00,79.57,79.74,77.68,77.8,31464
2023-10-14,19:03:00,77.8,78.2,76.57,76.66,40394
2023-10-14,19:04:00,76.66,78.2,76.1,78.01,42284
2023-10-14,19:05:00,78.01,78.44,77.89,78.42,4466
2023-10-14,19:06:00,78.42,78.85,76.65,76.73,18630
2023-10-14,19:07:00,76.73,79.1,75.99,78.67,22018
2023-10-14,19:08:00,78.67,79.04,75.25,76.16,16593
2023-10-14,19:09:00,76.16,78.9,75.61,78.47,29834
2023-10-14,19:10:00,78.47,82.66,77.36,81.43,26952
2023-10-14,19:11:00,81.43,81.62,80.44,80.56,7563
2023-10-14,19:12:00,80.56,82.02,80.18,81.85,24980
2023-10-14,19:13:00,81.85,81.88,81.84,81.87,4009
2023-10-14,19:14:00,81.87,82.26,79.94,80.54,41870
2023-10-14,19:15:00,80.54,80.73,79.67,79.81,42850
2023-10-14,19:16:00,79.81,83.5,79.77,82.37,19803
2023-10-14,19:17:00,82.37,82.93,80.43,81.03,6659
2023-10-14,19:18:00,81.03,81.18,80.6,80.66,41568
2023-10-14,19:19:00,80.66,81.06,77.74,78.17,42937
2023-10-14,19:20:00,78.17,79.87,77.9,79.57,41634
2023-10-14,19:21:00,79.57,79.77,78.15,78.23,4946
2023-10-14,19:22:00,78.23,79.08,78.02,78.9,44234
2023-10-14,19:23:00,78.9,82.1,78.12,81.65,27640
2023-10-14,19:24:00,81.65,81.69,81.64,81.69,18045
2023-10-14,19:25:00,81.69,82.48,78.91,79.82,8749
2023-10-14,19:26:00,79.82,80.03,78.87,79.16,19017
2023-10-14,19:27:00,79.16,79.6,77.87,78.04,44731
2023-10-14,19:28:00,78.04,78.34,77.93,78.26,18891
2023-10-14,19:29:00,78.26,78.64,76.34,76.64,28485
2023-10-14,19:30:00,76.64,77.06,76.57,76.98,8365
2023-10-14,19:31:00,76.98,80.05,75.52,79.91,14956
2023-10-14,19:32:00,79.91,82.0,79.89,81.48,24487
2023-10-14,19:33:00,81.48,81.58,81.45,81.55,36031
2023-10-14,19:34:00,81.55,82.45,78.52,79.04,26547
2023-10-14,19:35:00,79.04,79.2,75.89,76.53,9257
2023-10-14,19:36:00,76.53,78.09,76.11,77.99,46717
2023-10-14,19:37:00,77.99,78.28,74.47,75.33,1679
2023-10-14,19:38:00,75.33,76.23,72.37,72.99,25574
2023-10-14,19:39:00,72.99,72.99,71.99,72.1,42818
2023-10-14,19:40:00,72.1,72.34,70.1,70.32,12199
2023-10-14,19:41:00,70.32,70.47,65.85,67.46,23437
2023-10-14,19:42:00,67.46,67.48,67.33,67.37,36678
2023-10-14,19:43:00,67.37,68.32,67.2,68.24,13421
2023-10-14,19:44:00,68.24,68.7,65.12,65.72,38380
2023-10-14,19:45:00,65.72,66.36,63.39,64.01,22760
2023-10-14,19:46:00,64.01,65.33,60.87,61.23,9980
2023-10-14,19:47:00,61.23,61.95,58.71,58.83,29684
2023-10-14,19:48:00,58.83,58.98,58.16,58.18,43395
2023-10-14,19:49:00,58.18,58.26,57.91,57.96,32873
2023-10-14,19:50:00,57.96,60.57,56.98,60.0,33227
2023-10-14,19:51:00,60.0,60.93,57.61,58.08,34600
2023-10-14,19:52:00,58.08,58.08,58.08,58.08,33916
2023-10-14,19:53:00,58.08,58.89,55.96,56.15,21057
2023-10-14,19:54:00,56.15,56.32,54.94,55.21,23395
2023-10-14,19:55:00,55.21,58.49,54.07,57.53,5099
2023-10-14,19:56:00,57.53,60.12,55.08,58.02,36768
2023-10-14,19:57:00,58.02,58.02,58.02,58.02,13711
2023-10-14,19:58:00,58.02,58.26,56.74,57.11,1019
2023-10-14,19:59:00,57.11,58.12,54.68,55.02,41129
2023-10-14,20:00:00,55.02,55.67,55.0,55.66,46875
2023-10-14,20:01:00,55.66,55.7,55.56,55.56,44459
2023-10-14,20:02:00,55.56,55.75,54.05,54.12,44806
2023-10-14,20:03:00,54.12,55.85,53.46,55.46,29587
2023-10-14,20:04:00,55.46,55.8,53.39,53.52,10731
2023-10-14,20:05:00,53.52,53.73,51.98,52.33,11035
2023-10-14,20:06:00,52.33,53.12,52.01,53.02,22080
2023-10-14,20:07:00,53.02,58.58,52.44,55.84,32842
2023-10-14,20:08:00,55.84,55.88,55.13,55.19,35348
2023-10-14,20:09:00,55.19,55.65,52.17,52.44,38148
2023-10-14,20:10:00,52.44,53.19,52.19,52.97,25644
2023-10-14,20:11:00,52.97,56.01,52.55,55.07,11455
2023-10-14,20:12:00,55.07,55.24,53.35,53.85,8759
2023-10-14,20:13:00,53.85,55.91,53.48,55.5,31982
2023-10-14,20:14:00,55.5,55.53,52.37,52.57,511
2023-10-14,20:15:00,52.57,53.28,50.51,51.05,12679
2023-10-14,20:16:00,51.05,53.87,50.25,52.97,29348
2023-10-14,20:17:00,52.97,55.22,52.41,54.61,4105
2023-10-14,20:18:00,54.61,56.37,54.2,56.18,34057
2023-10-14,20:19:00,56.18,56.51,53.86,54.63,4027
2023-10-14,20:20:00,54.63,54.63,54.51,54.51,4533
2023-10-14,20:21:00,54.51,54.52,54.22,54.23,37297
2023-10-14,20:22:00,54.23,57.89,51.75,54.57,22667
2023-10-14,20:23:00,54.57,55.0,54.41,54.9,20492
2023-10-14,20:24:00,54.9,54.91,52.88,53.52,36077
2023-10-14,20:25:00,53.52,54.64,53.41,54.3,34107
2023-10-14,20:26:00,54.3,54.91,52.05,52.46,33073
2023-10-14,20:27:00,52.46,56.12,51.56,55.03,14054
2023-10-14,20:28:00,55.03,55.07,54.39,54.5,34747
2023-10-14,20:29:00,54.5,55.21,54.45,55.17,38598
2023-10-14,20:30:00,55.17,56.64,54.93,56.3,5950
2023-10-14,20:31:00,56.3,57.86,55.64,57.82,14197
2023-10-14,20:32:00,57.82,58.03,56.17,56.27,24013
2023-10-14,20:33:00,56.27,58.36,55.89,58.07,17207
2023-10-14,20:34:00,58.07,62.04,56.81,60.98,44825
2023-10-14,20:35:00,60.98,61.13,59.09,59.59,4182
2023-10-14,20:36:00,59.59,60.07,59.47,59.95,36242
2023-10-14,20:37:00,59.95,60.58,57.24,57.97,30676
2023-10-14,20:38:00,57.97,61.97,56.93,60.88,6870
2023-10-14,20:39:00,60.88,64.93,60.3,63.72,17390
2023-10-14,20:40:00,63.72,65.01,63.37,64.63,19089
2023-10-14,20:41:00,64.63,64.86,62.09,62.78,35981
2023-10-14,20:42:00,62.78,62.93,59.32,60.16,28357
2023-10-14,20:43:00,60.16,60.52,60.06,60.51,41465
2023-10-14,20:44:00,60.51,61.28,57.78,58.67,16765
2023-10-14,20:45:00,58.67,61.16,58.19,60.75,34783
2023-10-14,20:46:00,60.75,60.79,57.09,57.8,3978
2023-10-14,20:47:00,57.8,58.26,55.77,55.91,37389
2023-10-14,20:48:00,55.91,57.14,55.84,56.75,15530
2023-10-14,20:49:00,56.75,56.79,55.89,56.03,570
2023-10-14,20:50:00,56.03,57.53,55.55,57.26,39152
2023-10-14,20:51:00,57.26,57.36,56.86,56.86,45564
2023-10-14,20:52:00,56.86,56.91,56.17,56.32,40547
2023-10-14,20:53:00,56.32,58.26,55.88,57.99,36047
2023-10-14,20:54:00,57.99,59.64,57.52,59.63,40318
2023-10-14,20:55:00,59.63,60.11,58.35,58.57,41919
2023-10-14,20:56:00,58.57,61.28,57.88,60.49,20562
2023-10-14,20:57:00,60.49,61.88,60.13,61.52,14158
2023-10-14,20:58:00,61.52,61.94,60.47,60.55,31282
2023-10-14,20:59:00,60.55,60.88,59.61,59.61,35428
2023-10-14,21:00:00,59.61,61.48,59.34,61.44,16545
2023-10-14,21:01:00,61.44,61.72,58.23,58.56,38749
2023-10-14,21:02:00,58.56,59.2,56.64,56.81,43733
2023-10-14,21:03:00,56.81,57.34,53.79,54.01,8907
2023-10-14,21:04:00,54.01,54.29,51.87,52.33,31347
2023-10-14,21:05:00,52.33,56.34,51.97,55.01,17086
2023-10-14,21:06:00,55.01,56.64,54.94,56.3,8305
2023-10-14,21:07:00,56.3,57.66,56.04,57.28,27477
2023-10-14,21:08:00,57.28,59.67,57.03,59.29,7962
2023-10-14,21:09:00,59.29,61.84,58.74,61.56,22617
2023-10-14,21:10:00,61.56,64.52,60.79,63.72,42330
2023-10-14,21:11:00,63.72,64.38,60.91,61.64,9159
2023-10-14,21:12:00,61.64,62.2,58.44,59.47,46837
2023-10-14,21:13:00,59.47,59.51,57.57,57.63,47802
2023-10-14,21:14:00,57.63,57.88,55.39,55.85,1995
2023-10-14,21:15:00,55.85,56.48,53.08,53.71,42467
2023-10-14,21:16:00,53.71,53.83,53.22,53.38,18244
2023-10-14,21:17:00,53.38,54.73,53.32,54.32,2412
2023-10-14,21:18:00,54.32,54.39,51.42,52.28,47597
2023-10-14,21:19:00,52.28,54.96,51.78,54.75,19643
2023-10-14,21:20:00,54.75,54.82,53.75,54.0,35663
2023-10-14,21:21:00,54.0,54.04,54.0,54.03,38821
2023-10-14,21:22:00,54.03,54.9,51.34,52.14,21134
2023-10-14,21:23:00,52.14,52.14,52.06,52.08,14873
2023-10-14,21:24:00,52.08,54.03,52.0,53.42,17943
2023-10-14,21:25:00,53.42,53.47,51.72,52.19,13266
2023-10-14,21:26:00,52.19,53.92,51.76,52.42,46835
2023-10-14,21:27:00,52.42,54.58,52.3,54.54,32555
2023-10-14,21:28:00,54.54,55.0,54.46,54.96,8606
2023-10-14,21:29:00,54.96,54.96,51.62,52.43,37014
2023-10-14,21:30:00,52.43,52.49,49.89,50.73,47429
2023-10-14,21:31:00,50.73,50.91,50.72,50.86,6172
2023-10-14,21:32:00,50.86,54.08,50.48,53.36,15769
2023-10-14,21:33:00,53.36,54.39,50.47,50.9,34824
2023-10-14,21:34:00,50.9,52.38,50.37,52.3,9685
2023-10-14,21:35:00,52.3,52.42,51.37,51.64,18060
2023-10-14,21:36:00,51.64,54.41,51.44,54.09,5895
2023-10-14,21:37:00,54.09,54.73,49.92,51.13,17907
2023-10-14,21:38:00,51.13,54.83,50.42,53.87,13452
2023-10-14,21:39:00,53.87,53.93,53.65,53.72,42823
2023-10-14,21:40:00,53.72,54.03,53.62,54.01,30530
2023-10-14,21:41:00,54.01,54.35,53.91,54.26,35162
2023-10-14,21:42:00,54.26,54.32,53.9,53.98,6709
2023-10-14,21:43:00,53.98,56.63,53.54,56.39,14185
2023-10-14,21:44:00,56.39,56.57,55.25,55.43,35040
2023-10-14,21:45:00,55.43,59.12,55.23,58.15,29546
2023-10-14,21:46:00,58.15,58.4,56.07,56.51,44768
2023-10-14,21:47:00,56.51,56.61,56.5,56.59,23046
2023-10-14,21:48:00,56.59,56.62,54.57,54.68,25013
2023-10-14,21:49:00,54.68,55.12,54.56,55.11,4348
2023-10-14,21:50:00,55.11,55.25,53.52,53.97,7297
2023-10-14,21:51:00,53.97,57.03,52.73,56.73,35121
2023-10-14,21:52:00,56.73,60.06,56.55,59.5,30828
2023-10-14,21:53:00,59.5,60.27,59.3,60.17,22400
2023-10-14,21:54:00,60.17,60.23,60.17,60.22,17550
2023-10-14,21:55:00,60.22,62.13,60.14,61.86,24283
2023-10-14,21:56:00,61.86,63.18,61.67,62.75,1556
2023-10-14,21:57:00,62.75,63.18,61.34,61.65,1806
2023-10-14,21:58:00,61.65,61.71,61.28,61.29,20997
2023-10-14,21:59:00,61.29,62.25,61.01,62.0,44361
2023-10-14,22:00:00,62.0,62.3,61.95,62.24,34014
2023-10-14,22:01:00,62.24,62.27,60.73,61.18,35573
2023-10-14,22:02:00,61.18,63.72,60.47,63.47,8357
2023-10-14,22:03:00,63.47,65.72,59.14,60.79,4306
2023-10-14,22:04:00,60.79,63.66,60.11,63.55,26545
2023-10-14,22:05:00,63.55,63.59,63.4,63.45,7778
2023-10-14,22:06:00,63.45,65.46,63.08,65.36,19136
2023-10-14,22:07:00,65.36,68.92,64.28,67.79,30144
2023-10-14,22:08:00,67.79,68.12,65.98,66.07,36013
2023-10-14,22:09:00,66.07,66.09,65.96,65.99,6215
2023-10-14,22:10:00,65.99,66.62,65.85,66.53,13723
2023-10-14,22:11:00,66.53,67.33,66.41,67.13,8642
2023-10-14,22:12:00,67.13,68.15,63.23,64.52,20399
2023-10-14,22:13:00,64.52,65.34,61.24,61.81,21659
2023-10-14,22:14:00,61.81,61.82,60.23,60.38,38977
2023-10-14,22:15:00,60.38,60.42,60.15,60.21,37161
2023-10-14,22:16:00,60.21,60.78,60.02,60.76,14174
2023-10-14,22:17:00,60.76,61.79,60.53,61.74,4015
2023-10-14,22:18:00,61.74,63.54,61.57,62.94,43511
2023-10-14,22:19:00,62.94,62.98,62.6,62.68,40795
2023-10-14,22:20:00,62.68,63.32,59.48,59.95,10626
2023-10-14,22:21:00,59.95,62.67,58.89,62.31,4649
2023-10-14,22:22:00,62.31,62.5,61.7,61.83,42434
2023-10-14,22:23:00,61.83,62.28,61.65,62.23,2872
2023-10-14,22:24:00,62.23,65.37,61.19,64.49,3195
2023-10-14,22:25:00,64.49,64.56,62.98,63.38,8174
2023-10-14,22:26:00,63.38,63.42,62.27,62.55,32394
2023-10-14,22:27:00,62.55,64.89,61.91,64.71,34376
2023-10-14,22:28:00,64.71,65.58,64.59,65.48,10885
2023-10-14,22:29:00,65.48,68.73,64.41,68.14,19972
2023-10-14,22:30:00,68.14,68.26,66.76,67.21,37742
2023-10-14,22:31:00,67.21,70.48,66.06,69.66,39886
2023-10-14,22:32:00,69.66,70.9,65.77,66.84,46086
2023-10-14,22:33:00,66.84,66.91,66.82,66.9,39426
2023-10-14,22:34:00,66.9,68.13,66.53,67.91,29928
2023-10-14,22:35:00,67.91,68.76,65.88,66.12,29417
2023-10-14,22:36:00,66.12,66.13,66.12,66.13,10983
2023-10-14,22:37:00,66.13,66.66,66.04,66.56,22979
2023-10-14,22:38:00,66.56,69.67,65.42,69.25,25349
2023-10-14,22:39:00,69.25,71.23,68.98,70.84,47164
2023-10-14,22:40:00,70.84,70.99,68.27,68.55,45232
2023-10-14,22:41:00,68.55,70.77,67.91,70.06,27600
2023-10-14,22:42:00,70.06,73.98,69.75,73.0,42737
2023-10-14,22:43:00,73.0,75.11,72.47,74.76,27768
2023-10-14,22:44:00,74.76,75.39,71.79,71.85,14073
2023-10-14,22:45:00,71.85,74.46,70.97,73.98,15592
2023-10-14,22:46:00,73.98,74.21,72.06,72.48,18603
2023-10-14,22:47:00,72.48,72.54,71.93,72.02,10348
2023-10-14,22:48:00,72.02,74.23,71.61,74.13,22114
2023-10-14,22:49:00,74.13,74.23,72.05,72.35,34124
2023-10-14,22:50:00,72.35,72.63,72.3,72.59,33174
2023-10-14,22:51:00,72.59,74.43,71.99,74.11,31268
2023-10-14,22:52:00,74.11,75.07,73.87,74.76,13723
2023-10-14,22:53:00,74.76,75.26,73.12,73.37,37300
2023-10-14,22:54:00,73.37,74.01,70.33,71.14,21299
2023-10-14,22:55:00,71.14,73.3,70.92,72.88,18718
2023-10-14,22:56:00,72.88,75.56,72.39,75.41,33145
2023-10-14,22:57:00,75.41,76.37,71.88,72.8,5482
2023-10-14,22:58:00,72.8,76.13,72.17,74.38,27253
2023-10-14,22:59:00,74.38,74.84,72.35,72.42,16723
2023-10-14,23:00:00,72.42,73.31,69.56,70.51,37783
2023-10-14,23:01:00,70.51,71.34,68.5,68.65,43543
2023-10-14,23:02:00,68.65,73.06,67.44,69.94,31673
2023-10-14,23:03:00,69.94,70.6,69.91,70.44,39060
2023-10-14,23:04:00,70.44,71.36,66.84,67.92,25851
2023-10-14,23:05:00,67.92,68.24,64.56,65.03,33568
2023-10-14,23:06:00,65.03,65.25,63.26,63.66,44102
2023-10-14,23:07:00,63.66,66.97,63.55,66.51,24422
2023-10-14,23:08:00,66.51,67.82,66.45,67.66,35671
2023-10-14,23:09:00,67.66,67.89,67.62,67.83,32851
2023-10-14,23:10:00,67.83,68.34,65.98,66.44,41019
2023-10-14,23:11:00,66.44,69.36,65.39,69.29,8401
2023-10-14,23:12:00,69.29,71.04,69.11,70.75,7809
2023-10-14,23:13:00,70.75,71.51,68.02,68.59,38556
2023-10-14,23:14:00,68.59,70.47,64.52,67.82,5409
2023-10-14,23:15:00,67.82,67.92,67.78,67.91,22694
2023-10-14,23:16:00,67.91,69.04,67.56,68.68,46032
2023-10-14,23:17:00,68.68,68.87,68.62,68.81,18022
2023-10-14,23:18:00,68.81,68.82,68.74,68.76,38390
2023-10-14,23:19:00,68.76,70.79,68.24,70.58,10691
2023-10-14,23:20:00,70.58,70.58,70.57,70.57,8750
2023-10-14,23:21:00,70.57,71.44,67.68,67.94,25010
2023-10-14,23:22:00,67.94,68.52,66.03,66.92,12540
2023-10-14,23:23:00,66.92,67.06,65.27,65.79,29676
2023-10-14,23:24:00,65.79,66.49,65.73,66.44,316
2023-10-14,23:25:00,66.44,69.38,66.34,68.55,8891
2023-10-14,23:26:00,68.55,71.05,67.66,70.68,9085
2023-10-14,23:27:00,70.68,74.69,69.88,73.53,45902
2023-10-14,23:28:00,73.53,73.69,71.49,72.17,26559
2023-10-14,23:29:00,72.17,72.36,71.5,71.58,38777
2023-10-14,23:30:00,71.58,72.29,69.99,70.13,32910
2023-10-14,23:31:00,70.13,70.85,68.1,68.22,32527
2023-10-14,23:32:00,68.22,68.45,66.01,66.64,38244
2023-10-14,23:33:00,66.64,68.47,66.25,67.97,43549
2023-10-14,23:34:00,67.97,70.15,67.72,69.97,14614
2023-10-14,23:35:00,69.97,71.07,65.18,68.11,36320
2023-10-14,23:36:00,68.11,70.65,68.0,70.27,30971
2023-10-14,23:37:00,70.27,70.47,67.81,68.62,18944
2023-10-14,23:38:00,68.62,71.53,67.1,70.91,37654
2023-10-14,23:39:00,70.91,72.01,70.89,71.72,13978
2023-10-14,23:40:00,71.72,72.95,71.57,72.57,47577
2023-10-14,23:41:00,72.57,75.19,71.61,74.59,14045
2023-10-14,23:42:00,74.59,75.88,74.29,75.59,7390
2023-10-14,23:43:00,75.59,76.13,75.41,76.12,3862
2023-10-14,23:44:00,76.12,77.01,75.89,76.96,3907
2023-10-14,23:45:00,76.96,77.41,75.29,75.76,35593
2023-10-14,23:46:00,75.76,75.79,75.32,75.46,17163
2023-10-14,23:47:00,75.46,75.48,75.36,75.36,35471
2023-10-14,23:48:00,75.36,78.49,74.59,77.64,35532
2023-10-14,23:49:00,77.64,77.78,76.58,76.85,8014
2023-10-14,23:50:00,76.85,77.03,76.05,76.2,15679
2023-10-14,23:51:00,76.2,76.36,76.17,76.35,18748
2023-10-14,23:52:00,76.35,76.45,74.09,74.7,30821
2023-10-14,23:53:00,74.7,75.57,74.53,75.43,2523
2023-10-14,23:54:00,75.43,75.7,75.41,75.69,37467
2023-10-14,23:55:00,75.69,76.37,73.73,73.93,12311
2023-10-14,23:56:00,73.93,74.01,73.76,73.76,22457
2023-10-14,23:57:00,73.76,77.27,72.93,76.48,13953
2023-10-14,23:58:00,76.48,77.22,73.21,73.86,30643
2023-10-14,23:59:00,73.86,77.27,73.34,76.25,35028
